#-----------------------------------------------------------
# Vivado v2019.2 (64-bit)
# SW Build 2708876 on Wed Nov  6 21:40:23 MST 2019
# IP Build 2700528 on Thu Nov  7 00:09:20 MST 2019
# Start of session at: Wed Jul 29 16:48:32 2026
# Process ID: 149588
# Current directory: C:/Windows
# Command line: vivado.exe -mode batch -source E:\Codex-Project\NoC-XY\vivado_synthesis_windows\mesh_synthesis\run_mesh_synthesis.tcl -log E:\Codex-Project\NoC-XY\vivado_synthesis_windows\mesh_synthesis\synthesis.log -journal E:\Codex-Project\NoC-XY\vivado_synthesis_windows\mesh_synthesis\synthesis.jou
# Log file: E:/Codex-Project/NoC-XY/vivado_synthesis_windows/mesh_synthesis/synthesis.log
# Journal file: E:\Codex-Project\NoC-XY\vivado_synthesis_windows\mesh_synthesis\synthesis.jou
#-----------------------------------------------------------
source {E:\Codex-Project\NoC-XY\vivado_synthesis_windows\mesh_synthesis\run_mesh_synthesis.tcl}
# read_verilog -sv [list {E:/Codex-Project/NoC-XY/src/noc.sv}]
# read_verilog -sv [list {E:/Codex-Project/NoC-XY/src/circular_buffer_Xiugai3.sv}]
# read_verilog -sv [list {E:/Codex-Project/NoC-XY/src/crossbar.sv}]
# read_verilog -sv [list {E:/Codex-Project/NoC-XY/src/input_block2crossbar.sv}]
# read_verilog -sv [list {E:/Codex-Project/NoC-XY/src/input_block2switch_allocator.sv}]
# read_verilog -sv [list {E:/Codex-Project/NoC-XY/src/input_block2vc_allocator.sv}]
# read_verilog -sv [list {E:/Codex-Project/NoC-XY/src/input_block_Xiugai2.sv}]
# read_verilog -sv [list {E:/Codex-Project/NoC-XY/src/input_buffer_src_circular_full.sv}]
# read_verilog -sv [list {E:/Codex-Project/NoC-XY/src/input_port_Xiugai2.sv}]
# read_verilog -sv [list {E:/Codex-Project/NoC-XY/src/mesh.sv}]
# read_verilog -sv [list {E:/Codex-Project/NoC-XY/src/node_link.sv}]
# read_verilog -sv [list {E:/Codex-Project/NoC-XY/src/rc_unit_Xiugai2.sv}]
# read_verilog -sv [list {E:/Codex-Project/NoC-XY/src/round_robin_arbiter.sv}]
# read_verilog -sv [list {E:/Codex-Project/NoC-XY/src/router.sv}]
# read_verilog -sv [list {E:/Codex-Project/NoC-XY/src/router2router.sv}]
# read_verilog -sv [list {E:/Codex-Project/NoC-XY/src/router_link.sv}]
# read_verilog -sv [list {E:/Codex-Project/NoC-XY/src/separable_input_first_allocator.sv}]
# read_verilog -sv [list {E:/Codex-Project/NoC-XY/src/switch_allocator2crossbar.sv}]
# read_verilog -sv [list {E:/Codex-Project/NoC-XY/src/switch_allocator_Xiugai1.sv}]
# read_verilog -sv [list {E:/Codex-Project/NoC-XY/src/vc_allocator.sv}]
# synth_design -top mesh -part xcvu440-flga2892-2-e
Command: synth_design -top mesh -part xcvu440-flga2892-2-e
Starting synth_design
Attempting to get a license for feature 'Synthesis' and/or device 'xcvu440'
INFO: [Common 17-349] Got license for feature 'Synthesis' and/or device 'xcvu440'
INFO: Launching helper process for spawning children vivado processes
INFO: Helper process launched with PID 136804 
---------------------------------------------------------------------------------
Starting Synthesize : Time (s): cpu = 00:00:02 ; elapsed = 00:00:03 . Memory (MB): peak = 701.656 ; gain = 237.859
---------------------------------------------------------------------------------
INFO: [Synth 8-6157] synthesizing module 'mesh' [E:/Codex-Project/NoC-XY/src/mesh.sv:3]
	Parameter BUFFER_SIZE bound to: 8 - type: integer 
	Parameter MESH_SIZE_X bound to: 2 - type: integer 
	Parameter MESH_SIZE_Y bound to: 3 - type: integer 
INFO: [Synth 8-6157] synthesizing module 'router2router' [E:/Codex-Project/NoC-XY/src/router2router.sv:3]
INFO: [Synth 8-6155] done synthesizing module 'router2router' (0#1) [E:/Codex-Project/NoC-XY/src/router2router.sv:3]
INFO: [Synth 8-6157] synthesizing module 'router2router' [E:/Codex-Project/NoC-XY/src/router2router.sv:3]
INFO: [Synth 8-6155] done synthesizing module 'router2router' (0#1) [E:/Codex-Project/NoC-XY/src/router2router.sv:3]
INFO: [Synth 8-6157] synthesizing module 'router2router' [E:/Codex-Project/NoC-XY/src/router2router.sv:3]
INFO: [Synth 8-6155] done synthesizing module 'router2router' (0#1) [E:/Codex-Project/NoC-XY/src/router2router.sv:3]
INFO: [Synth 8-6157] synthesizing module 'router2router' [E:/Codex-Project/NoC-XY/src/router2router.sv:3]
INFO: [Synth 8-6155] done synthesizing module 'router2router' (0#1) [E:/Codex-Project/NoC-XY/src/router2router.sv:3]
INFO: [Synth 8-6157] synthesizing module 'router2router' [E:/Codex-Project/NoC-XY/src/router2router.sv:3]
INFO: [Synth 8-6155] done synthesizing module 'router2router' (0#1) [E:/Codex-Project/NoC-XY/src/router2router.sv:3]
INFO: [Synth 8-6157] synthesizing module 'router2router' [E:/Codex-Project/NoC-XY/src/router2router.sv:3]
INFO: [Synth 8-6155] done synthesizing module 'router2router' (0#1) [E:/Codex-Project/NoC-XY/src/router2router.sv:3]
INFO: [Synth 8-6157] synthesizing module 'router2router' [E:/Codex-Project/NoC-XY/src/router2router.sv:3]
INFO: [Synth 8-6155] done synthesizing module 'router2router' (0#1) [E:/Codex-Project/NoC-XY/src/router2router.sv:3]
INFO: [Synth 8-6157] synthesizing module 'router2router' [E:/Codex-Project/NoC-XY/src/router2router.sv:3]
INFO: [Synth 8-6155] done synthesizing module 'router2router' (0#1) [E:/Codex-Project/NoC-XY/src/router2router.sv:3]
INFO: [Synth 8-6157] synthesizing module 'router2router' [E:/Codex-Project/NoC-XY/src/router2router.sv:3]
INFO: [Synth 8-6155] done synthesizing module 'router2router' (0#1) [E:/Codex-Project/NoC-XY/src/router2router.sv:3]
INFO: [Synth 8-6157] synthesizing module 'router2router' [E:/Codex-Project/NoC-XY/src/router2router.sv:3]
INFO: [Synth 8-6155] done synthesizing module 'router2router' (0#1) [E:/Codex-Project/NoC-XY/src/router2router.sv:3]
INFO: [Synth 8-6157] synthesizing module 'router' [E:/Codex-Project/NoC-XY/src/router.sv:3]
	Parameter BUFFER_SIZE bound to: 8 - type: integer 
	Parameter X_CURRENT bound to: 0 - type: integer 
	Parameter Y_CURRENT bound to: 0 - type: integer 
INFO: [Synth 8-6157] synthesizing module 'input_block2crossbar' [E:/Codex-Project/NoC-XY/src/input_block2crossbar.sv:3]
INFO: [Synth 8-6155] done synthesizing module 'input_block2crossbar' (0#1) [E:/Codex-Project/NoC-XY/src/input_block2crossbar.sv:3]
INFO: [Synth 8-6157] synthesizing module 'input_block2switch_allocator' [E:/Codex-Project/NoC-XY/src/input_block2switch_allocator.sv:3]
INFO: [Synth 8-6155] done synthesizing module 'input_block2switch_allocator' (0#1) [E:/Codex-Project/NoC-XY/src/input_block2switch_allocator.sv:3]
INFO: [Synth 8-6157] synthesizing module 'input_block2vc_allocator' [E:/Codex-Project/NoC-XY/src/input_block2vc_allocator.sv:3]
INFO: [Synth 8-6155] done synthesizing module 'input_block2vc_allocator' (0#1) [E:/Codex-Project/NoC-XY/src/input_block2vc_allocator.sv:3]
INFO: [Synth 8-6157] synthesizing module 'switch_allocator2crossbar' [E:/Codex-Project/NoC-XY/src/switch_allocator2crossbar.sv:3]
INFO: [Synth 8-6155] done synthesizing module 'switch_allocator2crossbar' (0#1) [E:/Codex-Project/NoC-XY/src/switch_allocator2crossbar.sv:3]
INFO: [Synth 8-6157] synthesizing module 'input_block' [E:/Codex-Project/NoC-XY/src/input_block_Xiugai2.sv:3]
	Parameter PORT_NUM bound to: 5 - type: integer 
	Parameter BUFFER_SIZE bound to: 8 - type: integer 
	Parameter X_CURRENT bound to: 0 - type: integer 
	Parameter Y_CURRENT bound to: 0 - type: integer 
INFO: [Synth 8-6157] synthesizing module 'input_port' [E:/Codex-Project/NoC-XY/src/input_port_Xiugai2.sv:3]
	Parameter BUFFER_SIZE bound to: 8 - type: integer 
	Parameter X_CURRENT bound to: 0 - type: integer 
	Parameter Y_CURRENT bound to: 0 - type: integer 
INFO: [Synth 8-6157] synthesizing module 'input_buffer' [E:/Codex-Project/NoC-XY/src/input_buffer_src_circular_full.sv:3]
	Parameter BUFFER_SIZE bound to: 8 - type: integer 
	Parameter META_POINTER_SIZE bound to: 32'b00000000000000000000000000000011 
INFO: [Synth 8-6157] synthesizing module 'circular_buffer' [E:/Codex-Project/NoC-XY/src/circular_buffer_Xiugai3.sv:3]
	Parameter BUFFER_SIZE bound to: 8 - type: integer 
	Parameter ON_OFF_LATENCY bound to: 2 - type: integer 
	Parameter POINTER_SIZE bound to: 32'b00000000000000000000000000000011 
INFO: [Synth 8-294] found qualifier unique on case statement: implementing as parallel_case [E:/Codex-Project/NoC-XY/src/circular_buffer_Xiugai3.sv:88]
INFO: [Synth 8-294] found qualifier unique on case statement: implementing as parallel_case [E:/Codex-Project/NoC-XY/src/circular_buffer_Xiugai3.sv:121]
WARNING: [Synth 8-5858] RAM memory_reg from Abstract Data Type (record/struct) for this pattern/configuration is not supported. This will most likely be implemented in registers
WARNING: [Synth 8-5788] Register memory_reg[7][flit_label] in module circular_buffer is has both Set and reset with same priority. This may cause simulation mismatches. Consider rewriting code  [E:/Codex-Project/NoC-XY/src/circular_buffer_Xiugai3.sv:29]
WARNING: [Synth 8-5788] Register memory_reg[7][data] in module circular_buffer is has both Set and reset with same priority. This may cause simulation mismatches. Consider rewriting code  [E:/Codex-Project/NoC-XY/src/circular_buffer_Xiugai3.sv:29]
WARNING: [Synth 8-5788] Register memory_reg[6][flit_label] in module circular_buffer is has both Set and reset with same priority. This may cause simulation mismatches. Consider rewriting code  [E:/Codex-Project/NoC-XY/src/circular_buffer_Xiugai3.sv:29]
WARNING: [Synth 8-5788] Register memory_reg[6][data] in module circular_buffer is has both Set and reset with same priority. This may cause simulation mismatches. Consider rewriting code  [E:/Codex-Project/NoC-XY/src/circular_buffer_Xiugai3.sv:29]
WARNING: [Synth 8-5788] Register memory_reg[5][flit_label] in module circular_buffer is has both Set and reset with same priority. This may cause simulation mismatches. Consider rewriting code  [E:/Codex-Project/NoC-XY/src/circular_buffer_Xiugai3.sv:29]
WARNING: [Synth 8-5788] Register memory_reg[5][data] in module circular_buffer is has both Set and reset with same priority. This may cause simulation mismatches. Consider rewriting code  [E:/Codex-Project/NoC-XY/src/circular_buffer_Xiugai3.sv:29]
WARNING: [Synth 8-5788] Register memory_reg[4][flit_label] in module circular_buffer is has both Set and reset with same priority. This may cause simulation mismatches. Consider rewriting code  [E:/Codex-Project/NoC-XY/src/circular_buffer_Xiugai3.sv:29]
WARNING: [Synth 8-5788] Register memory_reg[4][data] in module circular_buffer is has both Set and reset with same priority. This may cause simulation mismatches. Consider rewriting code  [E:/Codex-Project/NoC-XY/src/circular_buffer_Xiugai3.sv:29]
WARNING: [Synth 8-5788] Register memory_reg[3][flit_label] in module circular_buffer is has both Set and reset with same priority. This may cause simulation mismatches. Consider rewriting code  [E:/Codex-Project/NoC-XY/src/circular_buffer_Xiugai3.sv:29]
WARNING: [Synth 8-5788] Register memory_reg[3][data] in module circular_buffer is has both Set and reset with same priority. This may cause simulation mismatches. Consider rewriting code  [E:/Codex-Project/NoC-XY/src/circular_buffer_Xiugai3.sv:29]
WARNING: [Synth 8-5788] Register memory_reg[2][flit_label] in module circular_buffer is has both Set and reset with same priority. This may cause simulation mismatches. Consider rewriting code  [E:/Codex-Project/NoC-XY/src/circular_buffer_Xiugai3.sv:29]
WARNING: [Synth 8-5788] Register memory_reg[2][data] in module circular_buffer is has both Set and reset with same priority. This may cause simulation mismatches. Consider rewriting code  [E:/Codex-Project/NoC-XY/src/circular_buffer_Xiugai3.sv:29]
WARNING: [Synth 8-5788] Register memory_reg[1][flit_label] in module circular_buffer is has both Set and reset with same priority. This may cause simulation mismatches. Consider rewriting code  [E:/Codex-Project/NoC-XY/src/circular_buffer_Xiugai3.sv:29]
WARNING: [Synth 8-5788] Register memory_reg[1][data] in module circular_buffer is has both Set and reset with same priority. This may cause simulation mismatches. Consider rewriting code  [E:/Codex-Project/NoC-XY/src/circular_buffer_Xiugai3.sv:29]
WARNING: [Synth 8-5788] Register memory_reg[0][flit_label] in module circular_buffer is has both Set and reset with same priority. This may cause simulation mismatches. Consider rewriting code  [E:/Codex-Project/NoC-XY/src/circular_buffer_Xiugai3.sv:29]
WARNING: [Synth 8-5788] Register memory_reg[0][data] in module circular_buffer is has both Set and reset with same priority. This may cause simulation mismatches. Consider rewriting code  [E:/Codex-Project/NoC-XY/src/circular_buffer_Xiugai3.sv:29]
INFO: [Synth 8-6155] done synthesizing module 'circular_buffer' (1#1) [E:/Codex-Project/NoC-XY/src/circular_buffer_Xiugai3.sv:3]
INFO: [Synth 8-294] found qualifier unique on case statement: implementing as parallel_case [E:/Codex-Project/NoC-XY/src/input_buffer_src_circular_full.sv:323]
WARNING: [Synth 8-5858] RAM meta_mem_reg from Abstract Data Type (record/struct) for this pattern/configuration is not supported. This will most likely be implemented in registers
WARNING: [Synth 8-5788] Register meta_mem_reg[7][out_port] in module input_buffer is has both Set and reset with same priority. This may cause simulation mismatches. Consider rewriting code  [E:/Codex-Project/NoC-XY/src/input_buffer_src_circular_full.sv:263]
WARNING: [Synth 8-5788] Register meta_mem_reg[7][downstream_vc] in module input_buffer is has both Set and reset with same priority. This may cause simulation mismatches. Consider rewriting code  [E:/Codex-Project/NoC-XY/src/input_buffer_src_circular_full.sv:263]
WARNING: [Synth 8-5788] Register meta_mem_reg[7][vc_allocated] in module input_buffer is has both Set and reset with same priority. This may cause simulation mismatches. Consider rewriting code  [E:/Codex-Project/NoC-XY/src/input_buffer_src_circular_full.sv:263]
WARNING: [Synth 8-5788] Register meta_mem_reg[6][out_port] in module input_buffer is has both Set and reset with same priority. This may cause simulation mismatches. Consider rewriting code  [E:/Codex-Project/NoC-XY/src/input_buffer_src_circular_full.sv:263]
WARNING: [Synth 8-5788] Register meta_mem_reg[6][downstream_vc] in module input_buffer is has both Set and reset with same priority. This may cause simulation mismatches. Consider rewriting code  [E:/Codex-Project/NoC-XY/src/input_buffer_src_circular_full.sv:263]
WARNING: [Synth 8-5788] Register meta_mem_reg[6][vc_allocated] in module input_buffer is has both Set and reset with same priority. This may cause simulation mismatches. Consider rewriting code  [E:/Codex-Project/NoC-XY/src/input_buffer_src_circular_full.sv:263]
WARNING: [Synth 8-5788] Register meta_mem_reg[5][out_port] in module input_buffer is has both Set and reset with same priority. This may cause simulation mismatches. Consider rewriting code  [E:/Codex-Project/NoC-XY/src/input_buffer_src_circular_full.sv:263]
WARNING: [Synth 8-5788] Register meta_mem_reg[5][downstream_vc] in module input_buffer is has both Set and reset with same priority. This may cause simulation mismatches. Consider rewriting code  [E:/Codex-Project/NoC-XY/src/input_buffer_src_circular_full.sv:263]
WARNING: [Synth 8-5788] Register meta_mem_reg[5][vc_allocated] in module input_buffer is has both Set and reset with same priority. This may cause simulation mismatches. Consider rewriting code  [E:/Codex-Project/NoC-XY/src/input_buffer_src_circular_full.sv:263]
WARNING: [Synth 8-5788] Register meta_mem_reg[4][out_port] in module input_buffer is has both Set and reset with same priority. This may cause simulation mismatches. Consider rewriting code  [E:/Codex-Project/NoC-XY/src/input_buffer_src_circular_full.sv:263]
WARNING: [Synth 8-5788] Register meta_mem_reg[4][downstream_vc] in module input_buffer is has both Set and reset with same priority. This may cause simulation mismatches. Consider rewriting code  [E:/Codex-Project/NoC-XY/src/input_buffer_src_circular_full.sv:263]
WARNING: [Synth 8-5788] Register meta_mem_reg[4][vc_allocated] in module input_buffer is has both Set and reset with same priority. This may cause simulation mismatches. Consider rewriting code  [E:/Codex-Project/NoC-XY/src/input_buffer_src_circular_full.sv:263]
WARNING: [Synth 8-5788] Register meta_mem_reg[3][out_port] in module input_buffer is has both Set and reset with same priority. This may cause simulation mismatches. Consider rewriting code  [E:/Codex-Project/NoC-XY/src/input_buffer_src_circular_full.sv:263]
WARNING: [Synth 8-5788] Register meta_mem_reg[3][downstream_vc] in module input_buffer is has both Set and reset with same priority. This may cause simulation mismatches. Consider rewriting code  [E:/Codex-Project/NoC-XY/src/input_buffer_src_circular_full.sv:263]
WARNING: [Synth 8-5788] Register meta_mem_reg[3][vc_allocated] in module input_buffer is has both Set and reset with same priority. This may cause simulation mismatches. Consider rewriting code  [E:/Codex-Project/NoC-XY/src/input_buffer_src_circular_full.sv:263]
WARNING: [Synth 8-5788] Register meta_mem_reg[2][out_port] in module input_buffer is has both Set and reset with same priority. This may cause simulation mismatches. Consider rewriting code  [E:/Codex-Project/NoC-XY/src/input_buffer_src_circular_full.sv:263]
WARNING: [Synth 8-5788] Register meta_mem_reg[2][downstream_vc] in module input_buffer is has both Set and reset with same priority. This may cause simulation mismatches. Consider rewriting code  [E:/Codex-Project/NoC-XY/src/input_buffer_src_circular_full.sv:263]
WARNING: [Synth 8-5788] Register meta_mem_reg[2][vc_allocated] in module input_buffer is has both Set and reset with same priority. This may cause simulation mismatches. Consider rewriting code  [E:/Codex-Project/NoC-XY/src/input_buffer_src_circular_full.sv:263]
WARNING: [Synth 8-5788] Register meta_mem_reg[1][out_port] in module input_buffer is has both Set and reset with same priority. This may cause simulation mismatches. Consider rewriting code  [E:/Codex-Project/NoC-XY/src/input_buffer_src_circular_full.sv:263]
WARNING: [Synth 8-5788] Register meta_mem_reg[1][downstream_vc] in module input_buffer is has both Set and reset with same priority. This may cause simulation mismatches. Consider rewriting code  [E:/Codex-Project/NoC-XY/src/input_buffer_src_circular_full.sv:263]
WARNING: [Synth 8-5788] Register meta_mem_reg[1][vc_allocated] in module input_buffer is has both Set and reset with same priority. This may cause simulation mismatches. Consider rewriting code  [E:/Codex-Project/NoC-XY/src/input_buffer_src_circular_full.sv:263]
WARNING: [Synth 8-5788] Register meta_mem_reg[0][out_port] in module input_buffer is has both Set and reset with same priority. This may cause simulation mismatches. Consider rewriting code  [E:/Codex-Project/NoC-XY/src/input_buffer_src_circular_full.sv:263]
WARNING: [Synth 8-5788] Register meta_mem_reg[0][downstream_vc] in module input_buffer is has both Set and reset with same priority. This may cause simulation mismatches. Consider rewriting code  [E:/Codex-Project/NoC-XY/src/input_buffer_src_circular_full.sv:263]
WARNING: [Synth 8-5788] Register meta_mem_reg[0][vc_allocated] in module input_buffer is has both Set and reset with same priority. This may cause simulation mismatches. Consider rewriting code  [E:/Codex-Project/NoC-XY/src/input_buffer_src_circular_full.sv:263]
INFO: [Synth 8-6155] done synthesizing module 'input_buffer' (2#1) [E:/Codex-Project/NoC-XY/src/input_buffer_src_circular_full.sv:3]
INFO: [Synth 8-6157] synthesizing module 'rc_unit' [E:/Codex-Project/NoC-XY/src/rc_unit_Xiugai2.sv:3]
	Parameter X_CURRENT bound to: 0 - type: integer 
	Parameter Y_CURRENT bound to: 0 - type: integer 
	Parameter DEST_ADDR_SIZE_X bound to: 3 - type: integer 
	Parameter DEST_ADDR_SIZE_Y bound to: 3 - type: integer 
INFO: [Synth 8-294] found qualifier unique on case statement: implementing as parallel_case [E:/Codex-Project/NoC-XY/src/rc_unit_Xiugai2.sv:27]
WARNING: [Synth 8-87] always_comb on 'out_port_o_reg' did not result in combinational logic [E:/Codex-Project/NoC-XY/src/rc_unit_Xiugai2.sv:29]
INFO: [Synth 8-6155] done synthesizing module 'rc_unit' (3#1) [E:/Codex-Project/NoC-XY/src/rc_unit_Xiugai2.sv:3]
WARNING: [Synth 8-5858] RAM data_cmd_reg from Abstract Data Type (record/struct) for this pattern/configuration is not supported. This will most likely be implemented in registers
WARNING: [Synth 8-6014] Unused sequential element sa_sel_vc_reg_reg was removed.  [E:/Codex-Project/NoC-XY/src/input_port_Xiugai2.sv:93]
WARNING: [Synth 8-6014] Unused sequential element sa_valid_reg_reg was removed.  [E:/Codex-Project/NoC-XY/src/input_port_Xiugai2.sv:94]
WARNING: [Synth 8-87] always_comb on 'data_cmd_reg[3][flit_label]' did not result in combinational logic [E:/Codex-Project/NoC-XY/src/input_port_Xiugai2.sv:52]
WARNING: [Synth 8-87] always_comb on 'data_cmd_reg[3][data]' did not result in combinational logic [E:/Codex-Project/NoC-XY/src/input_port_Xiugai2.sv:52]
INFO: [Synth 8-6155] done synthesizing module 'input_port' (4#1) [E:/Codex-Project/NoC-XY/src/input_port_Xiugai2.sv:3]
INFO: [Synth 8-6155] done synthesizing module 'input_block' (5#1) [E:/Codex-Project/NoC-XY/src/input_block_Xiugai2.sv:3]
INFO: [Synth 8-6157] synthesizing module 'crossbar' [E:/Codex-Project/NoC-XY/src/crossbar.sv:3]
WARNING: [Synth 8-5858] RAM data_o_reg from Abstract Data Type (record/struct) for this pattern/configuration is not supported. This will most likely be implemented in registers
INFO: [Synth 8-6155] done synthesizing module 'crossbar' (6#1) [E:/Codex-Project/NoC-XY/src/crossbar.sv:3]
INFO: [Synth 8-6157] synthesizing module 'switch_allocator' [E:/Codex-Project/NoC-XY/src/switch_allocator_Xiugai1.sv:3]
INFO: [Synth 8-6157] synthesizing module 'separable_input_first_allocator' [E:/Codex-Project/NoC-XY/src/separable_input_first_allocator.sv:3]
	Parameter VC_NUM bound to: 4 - type: integer 
INFO: [Synth 8-6157] synthesizing module 'round_robin_arbiter' [E:/Codex-Project/NoC-XY/src/round_robin_arbiter.sv:1]
	Parameter AGENTS_NUM bound to: 4 - type: integer 
	Parameter AGENTS_PTR_SIZE bound to: 32'b00000000000000000000000000000010 
INFO: [Synth 8-6155] done synthesizing module 'round_robin_arbiter' (7#1) [E:/Codex-Project/NoC-XY/src/round_robin_arbiter.sv:1]
INFO: [Synth 8-6157] synthesizing module 'round_robin_arbiter__parameterized0' [E:/Codex-Project/NoC-XY/src/round_robin_arbiter.sv:1]
	Parameter AGENTS_NUM bound to: 5 - type: integer 
	Parameter AGENTS_PTR_SIZE bound to: 32'b00000000000000000000000000000011 
INFO: [Synth 8-6155] done synthesizing module 'round_robin_arbiter__parameterized0' (7#1) [E:/Codex-Project/NoC-XY/src/round_robin_arbiter.sv:1]
INFO: [Synth 8-6155] done synthesizing module 'separable_input_first_allocator' (8#1) [E:/Codex-Project/NoC-XY/src/separable_input_first_allocator.sv:3]
INFO: [Synth 8-6155] done synthesizing module 'switch_allocator' (9#1) [E:/Codex-Project/NoC-XY/src/switch_allocator_Xiugai1.sv:3]
INFO: [Synth 8-6157] synthesizing module 'vc_allocator' [E:/Codex-Project/NoC-XY/src/vc_allocator.sv:3]
WARNING: [Synth 8-5856] 3D RAM vc_new_reg  for this pattern/configuration is not supported. This will most likely be implemented in registers
INFO: [Synth 8-6155] done synthesizing module 'vc_allocator' (10#1) [E:/Codex-Project/NoC-XY/src/vc_allocator.sv:3]
WARNING: [Synth 8-5858] RAM data_in_reg from Abstract Data Type (record/struct) for this pattern/configuration is not supported. This will most likely be implemented in registers
INFO: [Synth 8-6155] done synthesizing module 'router' (11#1) [E:/Codex-Project/NoC-XY/src/router.sv:3]
INFO: [Synth 8-6157] synthesizing module 'router2router' [E:/Codex-Project/NoC-XY/src/router2router.sv:3]
INFO: [Synth 8-6155] done synthesizing module 'router2router' (11#1) [E:/Codex-Project/NoC-XY/src/router2router.sv:3]
INFO: [Synth 8-6157] synthesizing module 'router2router' [E:/Codex-Project/NoC-XY/src/router2router.sv:3]
INFO: [Synth 8-6155] done synthesizing module 'router2router' (11#1) [E:/Codex-Project/NoC-XY/src/router2router.sv:3]
INFO: [Synth 8-6157] synthesizing module 'router2router' [E:/Codex-Project/NoC-XY/src/router2router.sv:3]
INFO: [Synth 8-6155] done synthesizing module 'router2router' (11#1) [E:/Codex-Project/NoC-XY/src/router2router.sv:3]
INFO: [Synth 8-6157] synthesizing module 'router2router' [E:/Codex-Project/NoC-XY/src/router2router.sv:3]
INFO: [Synth 8-6155] done synthesizing module 'router2router' (11#1) [E:/Codex-Project/NoC-XY/src/router2router.sv:3]
INFO: [Synth 8-6157] synthesizing module 'router2router' [E:/Codex-Project/NoC-XY/src/router2router.sv:3]
INFO: [Synth 8-6155] done synthesizing module 'router2router' (11#1) [E:/Codex-Project/NoC-XY/src/router2router.sv:3]
INFO: [Synth 8-6157] synthesizing module 'router2router' [E:/Codex-Project/NoC-XY/src/router2router.sv:3]
INFO: [Synth 8-6155] done synthesizing module 'router2router' (11#1) [E:/Codex-Project/NoC-XY/src/router2router.sv:3]
INFO: [Synth 8-6157] synthesizing module 'router2router' [E:/Codex-Project/NoC-XY/src/router2router.sv:3]
INFO: [Synth 8-6155] done synthesizing module 'router2router' (11#1) [E:/Codex-Project/NoC-XY/src/router2router.sv:3]
INFO: [Synth 8-6157] synthesizing module 'router2router' [E:/Codex-Project/NoC-XY/src/router2router.sv:3]
INFO: [Synth 8-6155] done synthesizing module 'router2router' (11#1) [E:/Codex-Project/NoC-XY/src/router2router.sv:3]
INFO: [Synth 8-6157] synthesizing module 'router2router' [E:/Codex-Project/NoC-XY/src/router2router.sv:3]
INFO: [Synth 8-6155] done synthesizing module 'router2router' (11#1) [E:/Codex-Project/NoC-XY/src/router2router.sv:3]
INFO: [Synth 8-6157] synthesizing module 'router2router' [E:/Codex-Project/NoC-XY/src/router2router.sv:3]
INFO: [Synth 8-6155] done synthesizing module 'router2router' (11#1) [E:/Codex-Project/NoC-XY/src/router2router.sv:3]
INFO: [Synth 8-6157] synthesizing module 'router__parameterized0' [E:/Codex-Project/NoC-XY/src/router.sv:3]
	Parameter BUFFER_SIZE bound to: 8 - type: integer 
	Parameter X_CURRENT bound to: 1 - type: integer 
	Parameter Y_CURRENT bound to: 0 - type: integer 
INFO: [Synth 8-6157] synthesizing module 'input_block2crossbar' [E:/Codex-Project/NoC-XY/src/input_block2crossbar.sv:3]
INFO: [Synth 8-6155] done synthesizing module 'input_block2crossbar' (11#1) [E:/Codex-Project/NoC-XY/src/input_block2crossbar.sv:3]
INFO: [Synth 8-6157] synthesizing module 'input_block2switch_allocator' [E:/Codex-Project/NoC-XY/src/input_block2switch_allocator.sv:3]
INFO: [Synth 8-6155] done synthesizing module 'input_block2switch_allocator' (11#1) [E:/Codex-Project/NoC-XY/src/input_block2switch_allocator.sv:3]
INFO: [Synth 8-6157] synthesizing module 'input_block2vc_allocator' [E:/Codex-Project/NoC-XY/src/input_block2vc_allocator.sv:3]
INFO: [Synth 8-6155] done synthesizing module 'input_block2vc_allocator' (11#1) [E:/Codex-Project/NoC-XY/src/input_block2vc_allocator.sv:3]
INFO: [Synth 8-6157] synthesizing module 'switch_allocator2crossbar' [E:/Codex-Project/NoC-XY/src/switch_allocator2crossbar.sv:3]
INFO: [Synth 8-6155] done synthesizing module 'switch_allocator2crossbar' (11#1) [E:/Codex-Project/NoC-XY/src/switch_allocator2crossbar.sv:3]
INFO: [Synth 8-6157] synthesizing module 'input_block__parameterized0' [E:/Codex-Project/NoC-XY/src/input_block_Xiugai2.sv:3]
	Parameter PORT_NUM bound to: 5 - type: integer 
	Parameter BUFFER_SIZE bound to: 8 - type: integer 
	Parameter X_CURRENT bound to: 1 - type: integer 
	Parameter Y_CURRENT bound to: 0 - type: integer 
INFO: [Synth 8-6157] synthesizing module 'input_port__parameterized0' [E:/Codex-Project/NoC-XY/src/input_port_Xiugai2.sv:3]
	Parameter BUFFER_SIZE bound to: 8 - type: integer 
	Parameter X_CURRENT bound to: 1 - type: integer 
	Parameter Y_CURRENT bound to: 0 - type: integer 
INFO: [Synth 8-6157] synthesizing module 'rc_unit__parameterized0' [E:/Codex-Project/NoC-XY/src/rc_unit_Xiugai2.sv:3]
	Parameter X_CURRENT bound to: 1 - type: integer 
	Parameter Y_CURRENT bound to: 0 - type: integer 
	Parameter DEST_ADDR_SIZE_X bound to: 3 - type: integer 
	Parameter DEST_ADDR_SIZE_Y bound to: 3 - type: integer 
INFO: [Synth 8-294] found qualifier unique on case statement: implementing as parallel_case [E:/Codex-Project/NoC-XY/src/rc_unit_Xiugai2.sv:27]
WARNING: [Synth 8-87] always_comb on 'out_port_o_reg' did not result in combinational logic [E:/Codex-Project/NoC-XY/src/rc_unit_Xiugai2.sv:29]
INFO: [Synth 8-6155] done synthesizing module 'rc_unit__parameterized0' (11#1) [E:/Codex-Project/NoC-XY/src/rc_unit_Xiugai2.sv:3]
WARNING: [Synth 8-5858] RAM data_cmd_reg from Abstract Data Type (record/struct) for this pattern/configuration is not supported. This will most likely be implemented in registers
WARNING: [Synth 8-6014] Unused sequential element sa_sel_vc_reg_reg was removed.  [E:/Codex-Project/NoC-XY/src/input_port_Xiugai2.sv:93]
WARNING: [Synth 8-6014] Unused sequential element sa_valid_reg_reg was removed.  [E:/Codex-Project/NoC-XY/src/input_port_Xiugai2.sv:94]
WARNING: [Synth 8-87] always_comb on 'data_cmd_reg[3][flit_label]' did not result in combinational logic [E:/Codex-Project/NoC-XY/src/input_port_Xiugai2.sv:52]
WARNING: [Synth 8-87] always_comb on 'data_cmd_reg[3][data]' did not result in combinational logic [E:/Codex-Project/NoC-XY/src/input_port_Xiugai2.sv:52]
INFO: [Synth 8-6155] done synthesizing module 'input_port__parameterized0' (11#1) [E:/Codex-Project/NoC-XY/src/input_port_Xiugai2.sv:3]
INFO: [Synth 8-6155] done synthesizing module 'input_block__parameterized0' (11#1) [E:/Codex-Project/NoC-XY/src/input_block_Xiugai2.sv:3]
WARNING: [Synth 8-5858] RAM data_in_reg from Abstract Data Type (record/struct) for this pattern/configuration is not supported. This will most likely be implemented in registers
INFO: [Synth 8-6155] done synthesizing module 'router__parameterized0' (11#1) [E:/Codex-Project/NoC-XY/src/router.sv:3]
INFO: [Synth 8-6157] synthesizing module 'router2router' [E:/Codex-Project/NoC-XY/src/router2router.sv:3]
INFO: [Synth 8-6155] done synthesizing module 'router2router' (11#1) [E:/Codex-Project/NoC-XY/src/router2router.sv:3]
INFO: [Synth 8-6157] synthesizing module 'router2router' [E:/Codex-Project/NoC-XY/src/router2router.sv:3]
INFO: [Synth 8-6155] done synthesizing module 'router2router' (11#1) [E:/Codex-Project/NoC-XY/src/router2router.sv:3]
INFO: [Synth 8-6157] synthesizing module 'router2router' [E:/Codex-Project/NoC-XY/src/router2router.sv:3]
INFO: [Synth 8-6155] done synthesizing module 'router2router' (11#1) [E:/Codex-Project/NoC-XY/src/router2router.sv:3]
INFO: [Synth 8-6157] synthesizing module 'router2router' [E:/Codex-Project/NoC-XY/src/router2router.sv:3]
INFO: [Synth 8-6155] done synthesizing module 'router2router' (11#1) [E:/Codex-Project/NoC-XY/src/router2router.sv:3]
INFO: [Synth 8-6157] synthesizing module 'router2router' [E:/Codex-Project/NoC-XY/src/router2router.sv:3]
INFO: [Synth 8-6155] done synthesizing module 'router2router' (11#1) [E:/Codex-Project/NoC-XY/src/router2router.sv:3]
INFO: [Synth 8-6157] synthesizing module 'router2router' [E:/Codex-Project/NoC-XY/src/router2router.sv:3]
INFO: [Synth 8-6155] done synthesizing module 'router2router' (11#1) [E:/Codex-Project/NoC-XY/src/router2router.sv:3]
INFO: [Synth 8-6157] synthesizing module 'router2router' [E:/Codex-Project/NoC-XY/src/router2router.sv:3]
INFO: [Synth 8-6155] done synthesizing module 'router2router' (11#1) [E:/Codex-Project/NoC-XY/src/router2router.sv:3]
INFO: [Synth 8-6157] synthesizing module 'router2router' [E:/Codex-Project/NoC-XY/src/router2router.sv:3]
INFO: [Synth 8-6155] done synthesizing module 'router2router' (11#1) [E:/Codex-Project/NoC-XY/src/router2router.sv:3]
INFO: [Synth 8-6157] synthesizing module 'router2router' [E:/Codex-Project/NoC-XY/src/router2router.sv:3]
INFO: [Synth 8-6155] done synthesizing module 'router2router' (11#1) [E:/Codex-Project/NoC-XY/src/router2router.sv:3]
INFO: [Synth 8-6157] synthesizing module 'router2router' [E:/Codex-Project/NoC-XY/src/router2router.sv:3]
INFO: [Synth 8-6155] done synthesizing module 'router2router' (11#1) [E:/Codex-Project/NoC-XY/src/router2router.sv:3]
INFO: [Synth 8-6157] synthesizing module 'router__parameterized1' [E:/Codex-Project/NoC-XY/src/router.sv:3]
	Parameter BUFFER_SIZE bound to: 8 - type: integer 
	Parameter X_CURRENT bound to: 0 - type: integer 
	Parameter Y_CURRENT bound to: 1 - type: integer 
INFO: [Synth 8-6157] synthesizing module 'input_block2crossbar' [E:/Codex-Project/NoC-XY/src/input_block2crossbar.sv:3]
INFO: [Synth 8-6155] done synthesizing module 'input_block2crossbar' (11#1) [E:/Codex-Project/NoC-XY/src/input_block2crossbar.sv:3]
INFO: [Synth 8-6157] synthesizing module 'input_block2switch_allocator' [E:/Codex-Project/NoC-XY/src/input_block2switch_allocator.sv:3]
INFO: [Synth 8-6155] done synthesizing module 'input_block2switch_allocator' (11#1) [E:/Codex-Project/NoC-XY/src/input_block2switch_allocator.sv:3]
INFO: [Synth 8-6157] synthesizing module 'input_block2vc_allocator' [E:/Codex-Project/NoC-XY/src/input_block2vc_allocator.sv:3]
INFO: [Synth 8-6155] done synthesizing module 'input_block2vc_allocator' (11#1) [E:/Codex-Project/NoC-XY/src/input_block2vc_allocator.sv:3]
INFO: [Synth 8-6157] synthesizing module 'switch_allocator2crossbar' [E:/Codex-Project/NoC-XY/src/switch_allocator2crossbar.sv:3]
INFO: [Synth 8-6155] done synthesizing module 'switch_allocator2crossbar' (11#1) [E:/Codex-Project/NoC-XY/src/switch_allocator2crossbar.sv:3]
INFO: [Synth 8-6157] synthesizing module 'input_block__parameterized1' [E:/Codex-Project/NoC-XY/src/input_block_Xiugai2.sv:3]
	Parameter PORT_NUM bound to: 5 - type: integer 
	Parameter BUFFER_SIZE bound to: 8 - type: integer 
	Parameter X_CURRENT bound to: 0 - type: integer 
	Parameter Y_CURRENT bound to: 1 - type: integer 
INFO: [Synth 8-6157] synthesizing module 'input_port__parameterized1' [E:/Codex-Project/NoC-XY/src/input_port_Xiugai2.sv:3]
	Parameter BUFFER_SIZE bound to: 8 - type: integer 
	Parameter X_CURRENT bound to: 0 - type: integer 
	Parameter Y_CURRENT bound to: 1 - type: integer 
INFO: [Synth 8-6157] synthesizing module 'rc_unit__parameterized1' [E:/Codex-Project/NoC-XY/src/rc_unit_Xiugai2.sv:3]
	Parameter X_CURRENT bound to: 0 - type: integer 
	Parameter Y_CURRENT bound to: 1 - type: integer 
	Parameter DEST_ADDR_SIZE_X bound to: 3 - type: integer 
	Parameter DEST_ADDR_SIZE_Y bound to: 3 - type: integer 
INFO: [Synth 8-294] found qualifier unique on case statement: implementing as parallel_case [E:/Codex-Project/NoC-XY/src/rc_unit_Xiugai2.sv:27]
WARNING: [Synth 8-87] always_comb on 'out_port_o_reg' did not result in combinational logic [E:/Codex-Project/NoC-XY/src/rc_unit_Xiugai2.sv:29]
INFO: [Synth 8-6155] done synthesizing module 'rc_unit__parameterized1' (11#1) [E:/Codex-Project/NoC-XY/src/rc_unit_Xiugai2.sv:3]
WARNING: [Synth 8-5858] RAM data_cmd_reg from Abstract Data Type (record/struct) for this pattern/configuration is not supported. This will most likely be implemented in registers
WARNING: [Synth 8-6014] Unused sequential element sa_sel_vc_reg_reg was removed.  [E:/Codex-Project/NoC-XY/src/input_port_Xiugai2.sv:93]
WARNING: [Synth 8-6014] Unused sequential element sa_valid_reg_reg was removed.  [E:/Codex-Project/NoC-XY/src/input_port_Xiugai2.sv:94]
WARNING: [Synth 8-87] always_comb on 'data_cmd_reg[3][flit_label]' did not result in combinational logic [E:/Codex-Project/NoC-XY/src/input_port_Xiugai2.sv:52]
WARNING: [Synth 8-87] always_comb on 'data_cmd_reg[3][data]' did not result in combinational logic [E:/Codex-Project/NoC-XY/src/input_port_Xiugai2.sv:52]
INFO: [Synth 8-6155] done synthesizing module 'input_port__parameterized1' (11#1) [E:/Codex-Project/NoC-XY/src/input_port_Xiugai2.sv:3]
INFO: [Synth 8-6155] done synthesizing module 'input_block__parameterized1' (11#1) [E:/Codex-Project/NoC-XY/src/input_block_Xiugai2.sv:3]
WARNING: [Synth 8-5858] RAM data_in_reg from Abstract Data Type (record/struct) for this pattern/configuration is not supported. This will most likely be implemented in registers
INFO: [Synth 8-6155] done synthesizing module 'router__parameterized1' (11#1) [E:/Codex-Project/NoC-XY/src/router.sv:3]
INFO: [Synth 8-6157] synthesizing module 'router2router' [E:/Codex-Project/NoC-XY/src/router2router.sv:3]
INFO: [Synth 8-6155] done synthesizing module 'router2router' (11#1) [E:/Codex-Project/NoC-XY/src/router2router.sv:3]
INFO: [Synth 8-6157] synthesizing module 'router2router' [E:/Codex-Project/NoC-XY/src/router2router.sv:3]
INFO: [Synth 8-6155] done synthesizing module 'router2router' (11#1) [E:/Codex-Project/NoC-XY/src/router2router.sv:3]
INFO: [Synth 8-6157] synthesizing module 'router2router' [E:/Codex-Project/NoC-XY/src/router2router.sv:3]
INFO: [Synth 8-6155] done synthesizing module 'router2router' (11#1) [E:/Codex-Project/NoC-XY/src/router2router.sv:3]
INFO: [Synth 8-6157] synthesizing module 'router2router' [E:/Codex-Project/NoC-XY/src/router2router.sv:3]
INFO: [Synth 8-6155] done synthesizing module 'router2router' (11#1) [E:/Codex-Project/NoC-XY/src/router2router.sv:3]
INFO: [Synth 8-6157] synthesizing module 'router2router' [E:/Codex-Project/NoC-XY/src/router2router.sv:3]
INFO: [Synth 8-6155] done synthesizing module 'router2router' (11#1) [E:/Codex-Project/NoC-XY/src/router2router.sv:3]
INFO: [Synth 8-6157] synthesizing module 'router2router' [E:/Codex-Project/NoC-XY/src/router2router.sv:3]
INFO: [Synth 8-6155] done synthesizing module 'router2router' (11#1) [E:/Codex-Project/NoC-XY/src/router2router.sv:3]
INFO: [Synth 8-6157] synthesizing module 'router2router' [E:/Codex-Project/NoC-XY/src/router2router.sv:3]
INFO: [Synth 8-6155] done synthesizing module 'router2router' (11#1) [E:/Codex-Project/NoC-XY/src/router2router.sv:3]
INFO: [Synth 8-6157] synthesizing module 'router2router' [E:/Codex-Project/NoC-XY/src/router2router.sv:3]
INFO: [Synth 8-6155] done synthesizing module 'router2router' (11#1) [E:/Codex-Project/NoC-XY/src/router2router.sv:3]
INFO: [Synth 8-6157] synthesizing module 'router2router' [E:/Codex-Project/NoC-XY/src/router2router.sv:3]
INFO: [Synth 8-6155] done synthesizing module 'router2router' (11#1) [E:/Codex-Project/NoC-XY/src/router2router.sv:3]
INFO: [Synth 8-6157] synthesizing module 'router2router' [E:/Codex-Project/NoC-XY/src/router2router.sv:3]
INFO: [Synth 8-6155] done synthesizing module 'router2router' (11#1) [E:/Codex-Project/NoC-XY/src/router2router.sv:3]
INFO: [Synth 8-6157] synthesizing module 'router__parameterized2' [E:/Codex-Project/NoC-XY/src/router.sv:3]
	Parameter BUFFER_SIZE bound to: 8 - type: integer 
	Parameter X_CURRENT bound to: 1 - type: integer 
	Parameter Y_CURRENT bound to: 1 - type: integer 
INFO: [Synth 8-6157] synthesizing module 'input_block2crossbar' [E:/Codex-Project/NoC-XY/src/input_block2crossbar.sv:3]
INFO: [Synth 8-6155] done synthesizing module 'input_block2crossbar' (11#1) [E:/Codex-Project/NoC-XY/src/input_block2crossbar.sv:3]
INFO: [Synth 8-6157] synthesizing module 'input_block2switch_allocator' [E:/Codex-Project/NoC-XY/src/input_block2switch_allocator.sv:3]
INFO: [Synth 8-6155] done synthesizing module 'input_block2switch_allocator' (11#1) [E:/Codex-Project/NoC-XY/src/input_block2switch_allocator.sv:3]
INFO: [Synth 8-6157] synthesizing module 'input_block2vc_allocator' [E:/Codex-Project/NoC-XY/src/input_block2vc_allocator.sv:3]
INFO: [Synth 8-6155] done synthesizing module 'input_block2vc_allocator' (11#1) [E:/Codex-Project/NoC-XY/src/input_block2vc_allocator.sv:3]
INFO: [Synth 8-6157] synthesizing module 'switch_allocator2crossbar' [E:/Codex-Project/NoC-XY/src/switch_allocator2crossbar.sv:3]
INFO: [Synth 8-6155] done synthesizing module 'switch_allocator2crossbar' (11#1) [E:/Codex-Project/NoC-XY/src/switch_allocator2crossbar.sv:3]
INFO: [Synth 8-6157] synthesizing module 'input_block__parameterized2' [E:/Codex-Project/NoC-XY/src/input_block_Xiugai2.sv:3]
	Parameter PORT_NUM bound to: 5 - type: integer 
	Parameter BUFFER_SIZE bound to: 8 - type: integer 
	Parameter X_CURRENT bound to: 1 - type: integer 
	Parameter Y_CURRENT bound to: 1 - type: integer 
INFO: [Synth 8-6157] synthesizing module 'input_port__parameterized2' [E:/Codex-Project/NoC-XY/src/input_port_Xiugai2.sv:3]
	Parameter BUFFER_SIZE bound to: 8 - type: integer 
	Parameter X_CURRENT bound to: 1 - type: integer 
	Parameter Y_CURRENT bound to: 1 - type: integer 
INFO: [Synth 8-6157] synthesizing module 'rc_unit__parameterized2' [E:/Codex-Project/NoC-XY/src/rc_unit_Xiugai2.sv:3]
	Parameter X_CURRENT bound to: 1 - type: integer 
	Parameter Y_CURRENT bound to: 1 - type: integer 
	Parameter DEST_ADDR_SIZE_X bound to: 3 - type: integer 
	Parameter DEST_ADDR_SIZE_Y bound to: 3 - type: integer 
INFO: [Synth 8-294] found qualifier unique on case statement: implementing as parallel_case [E:/Codex-Project/NoC-XY/src/rc_unit_Xiugai2.sv:27]
WARNING: [Synth 8-87] always_comb on 'out_port_o_reg' did not result in combinational logic [E:/Codex-Project/NoC-XY/src/rc_unit_Xiugai2.sv:29]
INFO: [Synth 8-6155] done synthesizing module 'rc_unit__parameterized2' (11#1) [E:/Codex-Project/NoC-XY/src/rc_unit_Xiugai2.sv:3]
WARNING: [Synth 8-5858] RAM data_cmd_reg from Abstract Data Type (record/struct) for this pattern/configuration is not supported. This will most likely be implemented in registers
WARNING: [Synth 8-6014] Unused sequential element sa_sel_vc_reg_reg was removed.  [E:/Codex-Project/NoC-XY/src/input_port_Xiugai2.sv:93]
WARNING: [Synth 8-6014] Unused sequential element sa_valid_reg_reg was removed.  [E:/Codex-Project/NoC-XY/src/input_port_Xiugai2.sv:94]
WARNING: [Synth 8-87] always_comb on 'data_cmd_reg[3][flit_label]' did not result in combinational logic [E:/Codex-Project/NoC-XY/src/input_port_Xiugai2.sv:52]
WARNING: [Synth 8-87] always_comb on 'data_cmd_reg[3][data]' did not result in combinational logic [E:/Codex-Project/NoC-XY/src/input_port_Xiugai2.sv:52]
INFO: [Synth 8-6155] done synthesizing module 'input_port__parameterized2' (11#1) [E:/Codex-Project/NoC-XY/src/input_port_Xiugai2.sv:3]
INFO: [Synth 8-6155] done synthesizing module 'input_block__parameterized2' (11#1) [E:/Codex-Project/NoC-XY/src/input_block_Xiugai2.sv:3]
WARNING: [Synth 8-5858] RAM data_in_reg from Abstract Data Type (record/struct) for this pattern/configuration is not supported. This will most likely be implemented in registers
INFO: [Synth 8-6155] done synthesizing module 'router__parameterized2' (11#1) [E:/Codex-Project/NoC-XY/src/router.sv:3]
INFO: [Synth 8-6157] synthesizing module 'router2router' [E:/Codex-Project/NoC-XY/src/router2router.sv:3]
INFO: [Synth 8-6155] done synthesizing module 'router2router' (11#1) [E:/Codex-Project/NoC-XY/src/router2router.sv:3]
INFO: [Synth 8-6157] synthesizing module 'router2router' [E:/Codex-Project/NoC-XY/src/router2router.sv:3]
INFO: [Synth 8-6155] done synthesizing module 'router2router' (11#1) [E:/Codex-Project/NoC-XY/src/router2router.sv:3]
INFO: [Synth 8-6157] synthesizing module 'router2router' [E:/Codex-Project/NoC-XY/src/router2router.sv:3]
INFO: [Synth 8-6155] done synthesizing module 'router2router' (11#1) [E:/Codex-Project/NoC-XY/src/router2router.sv:3]
INFO: [Synth 8-6157] synthesizing module 'router2router' [E:/Codex-Project/NoC-XY/src/router2router.sv:3]
INFO: [Synth 8-6155] done synthesizing module 'router2router' (11#1) [E:/Codex-Project/NoC-XY/src/router2router.sv:3]
INFO: [Synth 8-6157] synthesizing module 'router2router' [E:/Codex-Project/NoC-XY/src/router2router.sv:3]
INFO: [Synth 8-6155] done synthesizing module 'router2router' (11#1) [E:/Codex-Project/NoC-XY/src/router2router.sv:3]
INFO: [Synth 8-6157] synthesizing module 'router2router' [E:/Codex-Project/NoC-XY/src/router2router.sv:3]
INFO: [Synth 8-6155] done synthesizing module 'router2router' (11#1) [E:/Codex-Project/NoC-XY/src/router2router.sv:3]
INFO: [Synth 8-6157] synthesizing module 'router2router' [E:/Codex-Project/NoC-XY/src/router2router.sv:3]
INFO: [Synth 8-6155] done synthesizing module 'router2router' (11#1) [E:/Codex-Project/NoC-XY/src/router2router.sv:3]
INFO: [Synth 8-6157] synthesizing module 'router2router' [E:/Codex-Project/NoC-XY/src/router2router.sv:3]
INFO: [Synth 8-6155] done synthesizing module 'router2router' (11#1) [E:/Codex-Project/NoC-XY/src/router2router.sv:3]
INFO: [Synth 8-6157] synthesizing module 'router2router' [E:/Codex-Project/NoC-XY/src/router2router.sv:3]
INFO: [Synth 8-6155] done synthesizing module 'router2router' (11#1) [E:/Codex-Project/NoC-XY/src/router2router.sv:3]
INFO: [Synth 8-6157] synthesizing module 'router2router' [E:/Codex-Project/NoC-XY/src/router2router.sv:3]
INFO: [Synth 8-6155] done synthesizing module 'router2router' (11#1) [E:/Codex-Project/NoC-XY/src/router2router.sv:3]
INFO: [Synth 8-6157] synthesizing module 'router__parameterized3' [E:/Codex-Project/NoC-XY/src/router.sv:3]
	Parameter BUFFER_SIZE bound to: 8 - type: integer 
	Parameter X_CURRENT bound to: 0 - type: integer 
	Parameter Y_CURRENT bound to: 2 - type: integer 
INFO: [Synth 8-6157] synthesizing module 'input_block2crossbar' [E:/Codex-Project/NoC-XY/src/input_block2crossbar.sv:3]
INFO: [Synth 8-6155] done synthesizing module 'input_block2crossbar' (11#1) [E:/Codex-Project/NoC-XY/src/input_block2crossbar.sv:3]
INFO: [Synth 8-6157] synthesizing module 'input_block2switch_allocator' [E:/Codex-Project/NoC-XY/src/input_block2switch_allocator.sv:3]
INFO: [Synth 8-6155] done synthesizing module 'input_block2switch_allocator' (11#1) [E:/Codex-Project/NoC-XY/src/input_block2switch_allocator.sv:3]
INFO: [Synth 8-6157] synthesizing module 'input_block2vc_allocator' [E:/Codex-Project/NoC-XY/src/input_block2vc_allocator.sv:3]
INFO: [Synth 8-6155] done synthesizing module 'input_block2vc_allocator' (11#1) [E:/Codex-Project/NoC-XY/src/input_block2vc_allocator.sv:3]
INFO: [Synth 8-6157] synthesizing module 'switch_allocator2crossbar' [E:/Codex-Project/NoC-XY/src/switch_allocator2crossbar.sv:3]
INFO: [Synth 8-6155] done synthesizing module 'switch_allocator2crossbar' (11#1) [E:/Codex-Project/NoC-XY/src/switch_allocator2crossbar.sv:3]
INFO: [Synth 8-6157] synthesizing module 'input_block__parameterized3' [E:/Codex-Project/NoC-XY/src/input_block_Xiugai2.sv:3]
	Parameter PORT_NUM bound to: 5 - type: integer 
	Parameter BUFFER_SIZE bound to: 8 - type: integer 
	Parameter X_CURRENT bound to: 0 - type: integer 
	Parameter Y_CURRENT bound to: 2 - type: integer 
INFO: [Synth 8-6157] synthesizing module 'input_port__parameterized3' [E:/Codex-Project/NoC-XY/src/input_port_Xiugai2.sv:3]
	Parameter BUFFER_SIZE bound to: 8 - type: integer 
	Parameter X_CURRENT bound to: 0 - type: integer 
	Parameter Y_CURRENT bound to: 2 - type: integer 
INFO: [Synth 8-6157] synthesizing module 'rc_unit__parameterized3' [E:/Codex-Project/NoC-XY/src/rc_unit_Xiugai2.sv:3]
	Parameter X_CURRENT bound to: 0 - type: integer 
	Parameter Y_CURRENT bound to: 2 - type: integer 
	Parameter DEST_ADDR_SIZE_X bound to: 3 - type: integer 
	Parameter DEST_ADDR_SIZE_Y bound to: 3 - type: integer 
INFO: [Synth 8-294] found qualifier unique on case statement: implementing as parallel_case [E:/Codex-Project/NoC-XY/src/rc_unit_Xiugai2.sv:27]
WARNING: [Synth 8-87] always_comb on 'out_port_o_reg' did not result in combinational logic [E:/Codex-Project/NoC-XY/src/rc_unit_Xiugai2.sv:29]
INFO: [Synth 8-6155] done synthesizing module 'rc_unit__parameterized3' (11#1) [E:/Codex-Project/NoC-XY/src/rc_unit_Xiugai2.sv:3]
WARNING: [Synth 8-5858] RAM data_cmd_reg from Abstract Data Type (record/struct) for this pattern/configuration is not supported. This will most likely be implemented in registers
WARNING: [Synth 8-6014] Unused sequential element sa_sel_vc_reg_reg was removed.  [E:/Codex-Project/NoC-XY/src/input_port_Xiugai2.sv:93]
WARNING: [Synth 8-6014] Unused sequential element sa_valid_reg_reg was removed.  [E:/Codex-Project/NoC-XY/src/input_port_Xiugai2.sv:94]
WARNING: [Synth 8-87] always_comb on 'data_cmd_reg[3][flit_label]' did not result in combinational logic [E:/Codex-Project/NoC-XY/src/input_port_Xiugai2.sv:52]
WARNING: [Synth 8-87] always_comb on 'data_cmd_reg[3][data]' did not result in combinational logic [E:/Codex-Project/NoC-XY/src/input_port_Xiugai2.sv:52]
INFO: [Synth 8-6155] done synthesizing module 'input_port__parameterized3' (11#1) [E:/Codex-Project/NoC-XY/src/input_port_Xiugai2.sv:3]
INFO: [Synth 8-6155] done synthesizing module 'input_block__parameterized3' (11#1) [E:/Codex-Project/NoC-XY/src/input_block_Xiugai2.sv:3]
WARNING: [Synth 8-5858] RAM data_in_reg from Abstract Data Type (record/struct) for this pattern/configuration is not supported. This will most likely be implemented in registers
INFO: [Synth 8-6155] done synthesizing module 'router__parameterized3' (11#1) [E:/Codex-Project/NoC-XY/src/router.sv:3]
INFO: [Synth 8-6157] synthesizing module 'router2router' [E:/Codex-Project/NoC-XY/src/router2router.sv:3]
INFO: [Common 17-14] Message 'Synth 8-6157' appears 100 times and further instances of the messages will be disabled. Use the Tcl command set_msg_config to change the current settings.
INFO: [Synth 8-6155] done synthesizing module 'router2router' (11#1) [E:/Codex-Project/NoC-XY/src/router2router.sv:3]
INFO: [Synth 8-6155] done synthesizing module 'router2router' (11#1) [E:/Codex-Project/NoC-XY/src/router2router.sv:3]
INFO: [Common 17-14] Message 'Synth 8-6155' appears 100 times and further instances of the messages will be disabled. Use the Tcl command set_msg_config to change the current settings.
	Parameter BUFFER_SIZE bound to: 8 - type: integer 
	Parameter X_CURRENT bound to: 1 - type: integer 
	Parameter Y_CURRENT bound to: 2 - type: integer 
	Parameter PORT_NUM bound to: 5 - type: integer 
	Parameter BUFFER_SIZE bound to: 8 - type: integer 
	Parameter X_CURRENT bound to: 1 - type: integer 
	Parameter Y_CURRENT bound to: 2 - type: integer 
	Parameter BUFFER_SIZE bound to: 8 - type: integer 
	Parameter X_CURRENT bound to: 1 - type: integer 
	Parameter Y_CURRENT bound to: 2 - type: integer 
	Parameter X_CURRENT bound to: 1 - type: integer 
	Parameter Y_CURRENT bound to: 2 - type: integer 
	Parameter DEST_ADDR_SIZE_X bound to: 3 - type: integer 
	Parameter DEST_ADDR_SIZE_Y bound to: 3 - type: integer 
INFO: [Synth 8-294] found qualifier unique on case statement: implementing as parallel_case [E:/Codex-Project/NoC-XY/src/rc_unit_Xiugai2.sv:27]
WARNING: [Synth 8-87] always_comb on 'out_port_o_reg' did not result in combinational logic [E:/Codex-Project/NoC-XY/src/rc_unit_Xiugai2.sv:29]
WARNING: [Synth 8-5858] RAM data_cmd_reg from Abstract Data Type (record/struct) for this pattern/configuration is not supported. This will most likely be implemented in registers
WARNING: [Synth 8-6014] Unused sequential element sa_sel_vc_reg_reg was removed.  [E:/Codex-Project/NoC-XY/src/input_port_Xiugai2.sv:93]
WARNING: [Synth 8-6014] Unused sequential element sa_valid_reg_reg was removed.  [E:/Codex-Project/NoC-XY/src/input_port_Xiugai2.sv:94]
WARNING: [Synth 8-87] always_comb on 'data_cmd_reg[3][flit_label]' did not result in combinational logic [E:/Codex-Project/NoC-XY/src/input_port_Xiugai2.sv:52]
WARNING: [Synth 8-87] always_comb on 'data_cmd_reg[3][data]' did not result in combinational logic [E:/Codex-Project/NoC-XY/src/input_port_Xiugai2.sv:52]
WARNING: [Synth 8-5858] RAM data_in_reg from Abstract Data Type (record/struct) for this pattern/configuration is not supported. This will most likely be implemented in registers
WARNING: [Synth 8-3848] Net mesh_row[2].mesh_col[1].south_up\.is_on_off in module/entity mesh does not have driver. [E:/Codex-Project/NoC-XY/src/router2router.sv:7]
WARNING: [Synth 8-3848] Net mesh_row[2].mesh_col[1].south_up\.is_allocatable in module/entity mesh does not have driver. [E:/Codex-Project/NoC-XY/src/router2router.sv:8]
WARNING: [Synth 8-3848] Net mesh_row[2].mesh_col[1].east_up\.is_on_off in module/entity mesh does not have driver. [E:/Codex-Project/NoC-XY/src/router2router.sv:7]
WARNING: [Synth 8-3848] Net mesh_row[2].mesh_col[1].east_up\.is_allocatable in module/entity mesh does not have driver. [E:/Codex-Project/NoC-XY/src/router2router.sv:8]
WARNING: [Synth 8-3848] Net mesh_row[2].mesh_col[1].south_down\.data[flit_label] in module/entity mesh does not have driver. [E:/Codex-Project/NoC-XY/src/router2router.sv:5]
WARNING: [Synth 8-3848] Net mesh_row[2].mesh_col[1].south_down\.data[vc_id] in module/entity mesh does not have driver. [E:/Codex-Project/NoC-XY/src/router2router.sv:5]
WARNING: [Synth 8-3848] Net mesh_row[2].mesh_col[1].south_down\.data[data] in module/entity mesh does not have driver. [E:/Codex-Project/NoC-XY/src/router2router.sv:5]
WARNING: [Synth 8-3848] Net mesh_row[2].mesh_col[1].south_down\.is_valid in module/entity mesh does not have driver. [E:/Codex-Project/NoC-XY/src/router2router.sv:6]
WARNING: [Synth 8-3848] Net mesh_row[2].mesh_col[1].east_down\.data[flit_label] in module/entity mesh does not have driver. [E:/Codex-Project/NoC-XY/src/router2router.sv:5]
WARNING: [Synth 8-3848] Net mesh_row[2].mesh_col[1].east_down\.data[vc_id] in module/entity mesh does not have driver. [E:/Codex-Project/NoC-XY/src/router2router.sv:5]
WARNING: [Synth 8-3848] Net mesh_row[2].mesh_col[1].east_down\.data[data] in module/entity mesh does not have driver. [E:/Codex-Project/NoC-XY/src/router2router.sv:5]
WARNING: [Synth 8-3848] Net mesh_row[2].mesh_col[1].east_down\.is_valid in module/entity mesh does not have driver. [E:/Codex-Project/NoC-XY/src/router2router.sv:6]
WARNING: [Synth 8-3848] Net mesh_row[1].mesh_col[1].east_up\.is_on_off in module/entity mesh does not have driver. [E:/Codex-Project/NoC-XY/src/router2router.sv:7]
WARNING: [Synth 8-3848] Net mesh_row[1].mesh_col[1].east_up\.is_allocatable in module/entity mesh does not have driver. [E:/Codex-Project/NoC-XY/src/router2router.sv:8]
WARNING: [Synth 8-3848] Net mesh_row[1].mesh_col[1].east_down\.data[flit_label] in module/entity mesh does not have driver. [E:/Codex-Project/NoC-XY/src/router2router.sv:5]
WARNING: [Synth 8-3848] Net mesh_row[1].mesh_col[1].east_down\.data[vc_id] in module/entity mesh does not have driver. [E:/Codex-Project/NoC-XY/src/router2router.sv:5]
WARNING: [Synth 8-3848] Net mesh_row[1].mesh_col[1].east_down\.data[data] in module/entity mesh does not have driver. [E:/Codex-Project/NoC-XY/src/router2router.sv:5]
WARNING: [Synth 8-3848] Net mesh_row[1].mesh_col[1].east_down\.is_valid in module/entity mesh does not have driver. [E:/Codex-Project/NoC-XY/src/router2router.sv:6]
WARNING: [Synth 8-3848] Net mesh_row[0].mesh_col[1].north_up\.is_on_off in module/entity mesh does not have driver. [E:/Codex-Project/NoC-XY/src/router2router.sv:7]
WARNING: [Synth 8-3848] Net mesh_row[0].mesh_col[1].north_up\.is_allocatable in module/entity mesh does not have driver. [E:/Codex-Project/NoC-XY/src/router2router.sv:8]
WARNING: [Synth 8-3848] Net mesh_row[0].mesh_col[1].east_up\.is_on_off in module/entity mesh does not have driver. [E:/Codex-Project/NoC-XY/src/router2router.sv:7]
WARNING: [Synth 8-3848] Net mesh_row[0].mesh_col[1].east_up\.is_allocatable in module/entity mesh does not have driver. [E:/Codex-Project/NoC-XY/src/router2router.sv:8]
WARNING: [Synth 8-3848] Net mesh_row[0].mesh_col[1].north_down\.data[flit_label] in module/entity mesh does not have driver. [E:/Codex-Project/NoC-XY/src/router2router.sv:5]
WARNING: [Synth 8-3848] Net mesh_row[0].mesh_col[1].north_down\.data[vc_id] in module/entity mesh does not have driver. [E:/Codex-Project/NoC-XY/src/router2router.sv:5]
WARNING: [Synth 8-3848] Net mesh_row[0].mesh_col[1].north_down\.data[data] in module/entity mesh does not have driver. [E:/Codex-Project/NoC-XY/src/router2router.sv:5]
WARNING: [Synth 8-3848] Net mesh_row[0].mesh_col[1].north_down\.is_valid in module/entity mesh does not have driver. [E:/Codex-Project/NoC-XY/src/router2router.sv:6]
WARNING: [Synth 8-3848] Net mesh_row[0].mesh_col[1].east_down\.data[flit_label] in module/entity mesh does not have driver. [E:/Codex-Project/NoC-XY/src/router2router.sv:5]
WARNING: [Synth 8-3848] Net mesh_row[0].mesh_col[1].east_down\.data[vc_id] in module/entity mesh does not have driver. [E:/Codex-Project/NoC-XY/src/router2router.sv:5]
WARNING: [Synth 8-3848] Net mesh_row[0].mesh_col[1].east_down\.data[data] in module/entity mesh does not have driver. [E:/Codex-Project/NoC-XY/src/router2router.sv:5]
WARNING: [Synth 8-3848] Net mesh_row[0].mesh_col[1].east_down\.is_valid in module/entity mesh does not have driver. [E:/Codex-Project/NoC-XY/src/router2router.sv:6]
WARNING: [Synth 8-3848] Net mesh_row[2].mesh_col[0].south_up\.is_on_off in module/entity mesh does not have driver. [E:/Codex-Project/NoC-XY/src/router2router.sv:7]
WARNING: [Synth 8-3848] Net mesh_row[2].mesh_col[0].south_up\.is_allocatable in module/entity mesh does not have driver. [E:/Codex-Project/NoC-XY/src/router2router.sv:8]
WARNING: [Synth 8-3848] Net mesh_row[2].mesh_col[0].west_up\.is_on_off in module/entity mesh does not have driver. [E:/Codex-Project/NoC-XY/src/router2router.sv:7]
WARNING: [Synth 8-3848] Net mesh_row[2].mesh_col[0].west_up\.is_allocatable in module/entity mesh does not have driver. [E:/Codex-Project/NoC-XY/src/router2router.sv:8]
WARNING: [Synth 8-3848] Net mesh_row[2].mesh_col[0].south_down\.data[flit_label] in module/entity mesh does not have driver. [E:/Codex-Project/NoC-XY/src/router2router.sv:5]
WARNING: [Synth 8-3848] Net mesh_row[2].mesh_col[0].south_down\.data[vc_id] in module/entity mesh does not have driver. [E:/Codex-Project/NoC-XY/src/router2router.sv:5]
WARNING: [Synth 8-3848] Net mesh_row[2].mesh_col[0].south_down\.data[data] in module/entity mesh does not have driver. [E:/Codex-Project/NoC-XY/src/router2router.sv:5]
WARNING: [Synth 8-3848] Net mesh_row[2].mesh_col[0].south_down\.is_valid in module/entity mesh does not have driver. [E:/Codex-Project/NoC-XY/src/router2router.sv:6]
WARNING: [Synth 8-3848] Net mesh_row[2].mesh_col[0].west_down\.data[flit_label] in module/entity mesh does not have driver. [E:/Codex-Project/NoC-XY/src/router2router.sv:5]
WARNING: [Synth 8-3848] Net mesh_row[2].mesh_col[0].west_down\.data[vc_id] in module/entity mesh does not have driver. [E:/Codex-Project/NoC-XY/src/router2router.sv:5]
WARNING: [Synth 8-3848] Net mesh_row[2].mesh_col[0].west_down\.data[data] in module/entity mesh does not have driver. [E:/Codex-Project/NoC-XY/src/router2router.sv:5]
WARNING: [Synth 8-3848] Net mesh_row[2].mesh_col[0].west_down\.is_valid in module/entity mesh does not have driver. [E:/Codex-Project/NoC-XY/src/router2router.sv:6]
WARNING: [Synth 8-3848] Net mesh_row[1].mesh_col[0].west_up\.is_on_off in module/entity mesh does not have driver. [E:/Codex-Project/NoC-XY/src/router2router.sv:7]
WARNING: [Synth 8-3848] Net mesh_row[1].mesh_col[0].west_up\.is_allocatable in module/entity mesh does not have driver. [E:/Codex-Project/NoC-XY/src/router2router.sv:8]
WARNING: [Synth 8-3848] Net mesh_row[1].mesh_col[0].west_down\.data[flit_label] in module/entity mesh does not have driver. [E:/Codex-Project/NoC-XY/src/router2router.sv:5]
WARNING: [Synth 8-3848] Net mesh_row[1].mesh_col[0].west_down\.data[vc_id] in module/entity mesh does not have driver. [E:/Codex-Project/NoC-XY/src/router2router.sv:5]
WARNING: [Synth 8-3848] Net mesh_row[1].mesh_col[0].west_down\.data[data] in module/entity mesh does not have driver. [E:/Codex-Project/NoC-XY/src/router2router.sv:5]
WARNING: [Synth 8-3848] Net mesh_row[1].mesh_col[0].west_down\.is_valid in module/entity mesh does not have driver. [E:/Codex-Project/NoC-XY/src/router2router.sv:6]
WARNING: [Synth 8-3848] Net mesh_row[0].mesh_col[0].north_up\.is_on_off in module/entity mesh does not have driver. [E:/Codex-Project/NoC-XY/src/router2router.sv:7]
WARNING: [Synth 8-3848] Net mesh_row[0].mesh_col[0].north_up\.is_allocatable in module/entity mesh does not have driver. [E:/Codex-Project/NoC-XY/src/router2router.sv:8]
WARNING: [Synth 8-3848] Net mesh_row[0].mesh_col[0].west_up\.is_on_off in module/entity mesh does not have driver. [E:/Codex-Project/NoC-XY/src/router2router.sv:7]
WARNING: [Synth 8-3848] Net mesh_row[0].mesh_col[0].west_up\.is_allocatable in module/entity mesh does not have driver. [E:/Codex-Project/NoC-XY/src/router2router.sv:8]
WARNING: [Synth 8-3848] Net mesh_row[0].mesh_col[0].north_down\.data[flit_label] in module/entity mesh does not have driver. [E:/Codex-Project/NoC-XY/src/router2router.sv:5]
WARNING: [Synth 8-3848] Net mesh_row[0].mesh_col[0].north_down\.data[vc_id] in module/entity mesh does not have driver. [E:/Codex-Project/NoC-XY/src/router2router.sv:5]
WARNING: [Synth 8-3848] Net mesh_row[0].mesh_col[0].north_down\.data[data] in module/entity mesh does not have driver. [E:/Codex-Project/NoC-XY/src/router2router.sv:5]
WARNING: [Synth 8-3848] Net mesh_row[0].mesh_col[0].north_down\.is_valid in module/entity mesh does not have driver. [E:/Codex-Project/NoC-XY/src/router2router.sv:6]
WARNING: [Synth 8-3848] Net mesh_row[0].mesh_col[0].west_down\.data[flit_label] in module/entity mesh does not have driver. [E:/Codex-Project/NoC-XY/src/router2router.sv:5]
WARNING: [Synth 8-3848] Net mesh_row[0].mesh_col[0].west_down\.data[vc_id] in module/entity mesh does not have driver. [E:/Codex-Project/NoC-XY/src/router2router.sv:5]
WARNING: [Synth 8-3848] Net mesh_row[0].mesh_col[0].west_down\.data[data] in module/entity mesh does not have driver. [E:/Codex-Project/NoC-XY/src/router2router.sv:5]
WARNING: [Synth 8-3848] Net mesh_row[0].mesh_col[0].west_down\.is_valid in module/entity mesh does not have driver. [E:/Codex-Project/NoC-XY/src/router2router.sv:6]
---------------------------------------------------------------------------------
Finished Synthesize : Time (s): cpu = 00:00:04 ; elapsed = 00:00:05 . Memory (MB): peak = 804.180 ; gain = 340.383
---------------------------------------------------------------------------------
---------------------------------------------------------------------------------
Finished Constraint Validation : Time (s): cpu = 00:00:04 ; elapsed = 00:00:06 . Memory (MB): peak = 804.180 ; gain = 340.383
---------------------------------------------------------------------------------
---------------------------------------------------------------------------------
Start Loading Part and Timing Information
---------------------------------------------------------------------------------
Loading part: xcvu440-flga2892-2-e
INFO: [Synth 8-6742] Reading net delay rules and data
INFO: [Device 21-403] Loading part xcvu440-flga2892-2-e
---------------------------------------------------------------------------------
Finished Loading Part and Timing Information : Time (s): cpu = 00:00:04 ; elapsed = 00:00:06 . Memory (MB): peak = 804.180 ; gain = 340.383
---------------------------------------------------------------------------------
INFO: [Synth 8-5818] HDL ADVISOR - The operator resource <adder> is shared. To prevent sharing consider applying a KEEP on the output of the operator [E:/Codex-Project/NoC-XY/src/circular_buffer_Xiugai3.sv:88]
INFO: [Synth 8-5818] HDL ADVISOR - The operator resource <adder> is shared. To prevent sharing consider applying a KEEP on the output of the operator [E:/Codex-Project/NoC-XY/src/input_buffer_src_circular_full.sv:323]
WARNING: [Synth 8-327] inferring latch for variable 'out_port_o_reg' [E:/Codex-Project/NoC-XY/src/rc_unit_Xiugai2.sv:29]
WARNING: [Synth 8-327] inferring latch for variable 'data_cmd_reg[3][data]' [E:/Codex-Project/NoC-XY/src/input_port_Xiugai2.sv:52]
WARNING: [Synth 8-327] inferring latch for variable 'data_cmd_reg[3][flit_label]' [E:/Codex-Project/NoC-XY/src/input_port_Xiugai2.sv:52]
WARNING: [Synth 8-327] inferring latch for variable 'out_port_o_reg' [E:/Codex-Project/NoC-XY/src/rc_unit_Xiugai2.sv:29]
WARNING: [Synth 8-327] inferring latch for variable 'data_cmd_reg[3][data]' [E:/Codex-Project/NoC-XY/src/input_port_Xiugai2.sv:52]
WARNING: [Synth 8-327] inferring latch for variable 'data_cmd_reg[3][flit_label]' [E:/Codex-Project/NoC-XY/src/input_port_Xiugai2.sv:52]
WARNING: [Synth 8-327] inferring latch for variable 'out_port_o_reg' [E:/Codex-Project/NoC-XY/src/rc_unit_Xiugai2.sv:29]
WARNING: [Synth 8-327] inferring latch for variable 'data_cmd_reg[3][data]' [E:/Codex-Project/NoC-XY/src/input_port_Xiugai2.sv:52]
WARNING: [Synth 8-327] inferring latch for variable 'data_cmd_reg[3][flit_label]' [E:/Codex-Project/NoC-XY/src/input_port_Xiugai2.sv:52]
WARNING: [Synth 8-327] inferring latch for variable 'out_port_o_reg' [E:/Codex-Project/NoC-XY/src/rc_unit_Xiugai2.sv:29]
WARNING: [Synth 8-327] inferring latch for variable 'data_cmd_reg[3][data]' [E:/Codex-Project/NoC-XY/src/input_port_Xiugai2.sv:52]
WARNING: [Synth 8-327] inferring latch for variable 'data_cmd_reg[3][flit_label]' [E:/Codex-Project/NoC-XY/src/input_port_Xiugai2.sv:52]
WARNING: [Synth 8-327] inferring latch for variable 'out_port_o_reg' [E:/Codex-Project/NoC-XY/src/rc_unit_Xiugai2.sv:29]
WARNING: [Synth 8-327] inferring latch for variable 'data_cmd_reg[3][data]' [E:/Codex-Project/NoC-XY/src/input_port_Xiugai2.sv:52]
WARNING: [Synth 8-327] inferring latch for variable 'data_cmd_reg[3][flit_label]' [E:/Codex-Project/NoC-XY/src/input_port_Xiugai2.sv:52]
WARNING: [Synth 8-327] inferring latch for variable 'out_port_o_reg' [E:/Codex-Project/NoC-XY/src/rc_unit_Xiugai2.sv:29]
WARNING: [Synth 8-327] inferring latch for variable 'data_cmd_reg[3][data]' [E:/Codex-Project/NoC-XY/src/input_port_Xiugai2.sv:52]
WARNING: [Synth 8-327] inferring latch for variable 'data_cmd_reg[3][flit_label]' [E:/Codex-Project/NoC-XY/src/input_port_Xiugai2.sv:52]
---------------------------------------------------------------------------------
Finished RTL Optimization Phase 2 : Time (s): cpu = 00:00:10 ; elapsed = 00:00:10 . Memory (MB): peak = 1393.762 ; gain = 929.965
---------------------------------------------------------------------------------

Report RTL Partitions: 
+------+----------------------------+------------+----------+
|      |RTL Partition               |Replication |Instances |
+------+----------------------------+------------+----------+
|1     |vc_allocator                |           6|     10354|
|2     |router__GC0                 |           1|     40778|
|3     |router__parameterized0__GC0 |           1|     40788|
|4     |router__parameterized1__GC0 |           1|     40778|
|5     |router__parameterized2__GC0 |           1|     40793|
|6     |router__parameterized3__GC0 |           1|     40778|
|7     |router__parameterized4__GC0 |           1|     40793|
+------+----------------------------+------------+----------+
No constraint files found.
---------------------------------------------------------------------------------
Start RTL Component Statistics 
---------------------------------------------------------------------------------
Detailed RTL Component Info : 
+---Adders : 
	   2 Input      5 Bit       Adders := 240   
	   2 Input      4 Bit       Adders := 480   
	   2 Input      3 Bit       Adders := 660   
	   2 Input      2 Bit       Adders := 240   
+---Registers : 
	               22 Bit    Registers := 960   
	                4 Bit    Registers := 270   
	                3 Bit    Registers := 1500  
	                2 Bit    Registers := 1980  
	                1 Bit    Registers := 1680  
+---Muxes : 
	   2 Input     22 Bit        Muxes := 930   
	   4 Input     22 Bit        Muxes := 30    
	   2 Input      5 Bit        Muxes := 594   
	   2 Input      4 Bit        Muxes := 3060  
	   5 Input      4 Bit        Muxes := 60    
	   4 Input      4 Bit        Muxes := 120   
	   2 Input      3 Bit        Muxes := 1548  
	   5 Input      3 Bit        Muxes := 15    
	   2 Input      2 Bit        Muxes := 3270  
	   4 Input      2 Bit        Muxes := 180   
	   2 Input      1 Bit        Muxes := 10404 
	   5 Input      1 Bit        Muxes := 60    
	   3 Input      1 Bit        Muxes := 300   
	   4 Input      1 Bit        Muxes := 720   
---------------------------------------------------------------------------------
Finished RTL Component Statistics 
---------------------------------------------------------------------------------
---------------------------------------------------------------------------------
Start RTL Hierarchical Component Statistics 
---------------------------------------------------------------------------------
Hierarchical RTL Component report 
Module round_robin_arbiter__1 
Detailed RTL Component Info : 
+---Adders : 
	   2 Input      3 Bit       Adders := 3     
	   2 Input      2 Bit       Adders := 4     
+---Registers : 
	                2 Bit    Registers := 1     
+---Muxes : 
	   2 Input      2 Bit        Muxes := 2     
	   2 Input      1 Bit        Muxes := 3     
Module round_robin_arbiter__2 
Detailed RTL Component Info : 
+---Adders : 
	   2 Input      3 Bit       Adders := 3     
	   2 Input      2 Bit       Adders := 4     
+---Registers : 
	                2 Bit    Registers := 1     
+---Muxes : 
	   2 Input      2 Bit        Muxes := 2     
	   2 Input      1 Bit        Muxes := 3     
Module round_robin_arbiter__3 
Detailed RTL Component Info : 
+---Adders : 
	   2 Input      3 Bit       Adders := 3     
	   2 Input      2 Bit       Adders := 4     
+---Registers : 
	                2 Bit    Registers := 1     
+---Muxes : 
	   2 Input      2 Bit        Muxes := 2     
	   2 Input      1 Bit        Muxes := 3     
Module round_robin_arbiter__4 
Detailed RTL Component Info : 
+---Adders : 
	   2 Input      3 Bit       Adders := 3     
	   2 Input      2 Bit       Adders := 4     
+---Registers : 
	                2 Bit    Registers := 1     
+---Muxes : 
	   2 Input      2 Bit        Muxes := 2     
	   2 Input      1 Bit        Muxes := 3     
Module round_robin_arbiter__5 
Detailed RTL Component Info : 
+---Adders : 
	   2 Input      3 Bit       Adders := 3     
	   2 Input      2 Bit       Adders := 4     
+---Registers : 
	                2 Bit    Registers := 1     
+---Muxes : 
	   2 Input      2 Bit        Muxes := 2     
	   2 Input      1 Bit        Muxes := 3     
Module round_robin_arbiter__parameterized0__1 
Detailed RTL Component Info : 
+---Adders : 
	   2 Input      5 Bit       Adders := 4     
	   2 Input      4 Bit       Adders := 4     
+---Registers : 
	                3 Bit    Registers := 1     
+---Muxes : 
	   5 Input      1 Bit        Muxes := 1     
Module round_robin_arbiter__parameterized0__2 
Detailed RTL Component Info : 
+---Adders : 
	   2 Input      5 Bit       Adders := 4     
	   2 Input      4 Bit       Adders := 4     
+---Registers : 
	                3 Bit    Registers := 1     
+---Muxes : 
	   5 Input      1 Bit        Muxes := 1     
Module round_robin_arbiter__parameterized0__3 
Detailed RTL Component Info : 
+---Adders : 
	   2 Input      5 Bit       Adders := 4     
	   2 Input      4 Bit       Adders := 4     
+---Registers : 
	                3 Bit    Registers := 1     
+---Muxes : 
	   5 Input      1 Bit        Muxes := 1     
Module round_robin_arbiter__parameterized0__4 
Detailed RTL Component Info : 
+---Adders : 
	   2 Input      5 Bit       Adders := 4     
	   2 Input      4 Bit       Adders := 4     
+---Registers : 
	                3 Bit    Registers := 1     
+---Muxes : 
	   5 Input      1 Bit        Muxes := 1     
Module round_robin_arbiter__parameterized0__5 
Detailed RTL Component Info : 
+---Adders : 
	   2 Input      5 Bit       Adders := 4     
	   2 Input      4 Bit       Adders := 4     
+---Registers : 
	                3 Bit    Registers := 1     
+---Muxes : 
	   5 Input      1 Bit        Muxes := 1     
Module separable_input_first_allocator__1 
Detailed RTL Component Info : 
+---Muxes : 
	   2 Input      5 Bit        Muxes := 40    
	   2 Input      4 Bit        Muxes := 60    
	   5 Input      4 Bit        Muxes := 5     
	   2 Input      1 Bit        Muxes := 145   
	   3 Input      1 Bit        Muxes := 15    
Module vc_allocator 
Detailed RTL Component Info : 
+---Registers : 
	                4 Bit    Registers := 5     
+---Muxes : 
	   2 Input      4 Bit        Muxes := 385   
	   2 Input      2 Bit        Muxes := 40    
	   2 Input      1 Bit        Muxes := 40    
Module circular_buffer__7 
Detailed RTL Component Info : 
+---Adders : 
	   2 Input      4 Bit       Adders := 1     
	   2 Input      3 Bit       Adders := 2     
+---Registers : 
	               22 Bit    Registers := 8     
	                4 Bit    Registers := 1     
	                3 Bit    Registers := 2     
	                2 Bit    Registers := 8     
	                1 Bit    Registers := 3     
+---Muxes : 
	   2 Input     22 Bit        Muxes := 7     
	   4 Input      4 Bit        Muxes := 1     
	   2 Input      3 Bit        Muxes := 2     
	   2 Input      2 Bit        Muxes := 7     
	   4 Input      1 Bit        Muxes := 5     
	   2 Input      1 Bit        Muxes := 1     
	   3 Input      1 Bit        Muxes := 1     
Module input_buffer__7 
Detailed RTL Component Info : 
+---Adders : 
	   2 Input      4 Bit       Adders := 1     
	   2 Input      3 Bit       Adders := 2     
+---Registers : 
	                4 Bit    Registers := 1     
	                3 Bit    Registers := 10    
	                2 Bit    Registers := 8     
	                1 Bit    Registers := 11    
+---Muxes : 
	   2 Input      3 Bit        Muxes := 3     
	   4 Input      2 Bit        Muxes := 1     
	   2 Input      2 Bit        Muxes := 16    
	   4 Input      1 Bit        Muxes := 1     
	   2 Input      1 Bit        Muxes := 66    
Module circular_buffer__6 
Detailed RTL Component Info : 
+---Adders : 
	   2 Input      4 Bit       Adders := 1     
	   2 Input      3 Bit       Adders := 2     
+---Registers : 
	               22 Bit    Registers := 8     
	                4 Bit    Registers := 1     
	                3 Bit    Registers := 2     
	                2 Bit    Registers := 8     
	                1 Bit    Registers := 3     
+---Muxes : 
	   2 Input     22 Bit        Muxes := 7     
	   4 Input      4 Bit        Muxes := 1     
	   2 Input      3 Bit        Muxes := 2     
	   2 Input      2 Bit        Muxes := 7     
	   4 Input      1 Bit        Muxes := 5     
	   2 Input      1 Bit        Muxes := 1     
	   3 Input      1 Bit        Muxes := 1     
Module input_buffer__6 
Detailed RTL Component Info : 
+---Adders : 
	   2 Input      4 Bit       Adders := 1     
	   2 Input      3 Bit       Adders := 2     
+---Registers : 
	                4 Bit    Registers := 1     
	                3 Bit    Registers := 10    
	                2 Bit    Registers := 8     
	                1 Bit    Registers := 11    
+---Muxes : 
	   2 Input      3 Bit        Muxes := 3     
	   4 Input      2 Bit        Muxes := 1     
	   2 Input      2 Bit        Muxes := 16    
	   4 Input      1 Bit        Muxes := 1     
	   2 Input      1 Bit        Muxes := 66    
Module circular_buffer__5 
Detailed RTL Component Info : 
+---Adders : 
	   2 Input      4 Bit       Adders := 1     
	   2 Input      3 Bit       Adders := 2     
+---Registers : 
	               22 Bit    Registers := 8     
	                4 Bit    Registers := 1     
	                3 Bit    Registers := 2     
	                2 Bit    Registers := 8     
	                1 Bit    Registers := 3     
+---Muxes : 
	   2 Input     22 Bit        Muxes := 7     
	   4 Input      4 Bit        Muxes := 1     
	   2 Input      3 Bit        Muxes := 2     
	   2 Input      2 Bit        Muxes := 7     
	   4 Input      1 Bit        Muxes := 5     
	   2 Input      1 Bit        Muxes := 1     
	   3 Input      1 Bit        Muxes := 1     
Module input_buffer__5 
Detailed RTL Component Info : 
+---Adders : 
	   2 Input      4 Bit       Adders := 1     
	   2 Input      3 Bit       Adders := 2     
+---Registers : 
	                4 Bit    Registers := 1     
	                3 Bit    Registers := 10    
	                2 Bit    Registers := 8     
	                1 Bit    Registers := 11    
+---Muxes : 
	   2 Input      3 Bit        Muxes := 3     
	   4 Input      2 Bit        Muxes := 1     
	   2 Input      2 Bit        Muxes := 16    
	   4 Input      1 Bit        Muxes := 1     
	   2 Input      1 Bit        Muxes := 66    
Module circular_buffer__4 
Detailed RTL Component Info : 
+---Adders : 
	   2 Input      4 Bit       Adders := 1     
	   2 Input      3 Bit       Adders := 2     
+---Registers : 
	               22 Bit    Registers := 8     
	                4 Bit    Registers := 1     
	                3 Bit    Registers := 2     
	                2 Bit    Registers := 8     
	                1 Bit    Registers := 3     
+---Muxes : 
	   2 Input     22 Bit        Muxes := 7     
	   4 Input      4 Bit        Muxes := 1     
	   2 Input      3 Bit        Muxes := 2     
	   2 Input      2 Bit        Muxes := 7     
	   4 Input      1 Bit        Muxes := 5     
	   2 Input      1 Bit        Muxes := 1     
	   3 Input      1 Bit        Muxes := 1     
Module input_buffer__4 
Detailed RTL Component Info : 
+---Adders : 
	   2 Input      4 Bit       Adders := 1     
	   2 Input      3 Bit       Adders := 2     
+---Registers : 
	                4 Bit    Registers := 1     
	                3 Bit    Registers := 10    
	                2 Bit    Registers := 8     
	                1 Bit    Registers := 11    
+---Muxes : 
	   2 Input      3 Bit        Muxes := 3     
	   4 Input      2 Bit        Muxes := 1     
	   2 Input      2 Bit        Muxes := 16    
	   4 Input      1 Bit        Muxes := 1     
	   2 Input      1 Bit        Muxes := 66    
Module input_port__1 
Detailed RTL Component Info : 
+---Muxes : 
	   4 Input     22 Bit        Muxes := 1     
	   2 Input     22 Bit        Muxes := 3     
	   4 Input      2 Bit        Muxes := 2     
	   2 Input      2 Bit        Muxes := 3     
	   2 Input      1 Bit        Muxes := 1     
Module circular_buffer__11 
Detailed RTL Component Info : 
+---Adders : 
	   2 Input      4 Bit       Adders := 1     
	   2 Input      3 Bit       Adders := 2     
+---Registers : 
	               22 Bit    Registers := 8     
	                4 Bit    Registers := 1     
	                3 Bit    Registers := 2     
	                2 Bit    Registers := 8     
	                1 Bit    Registers := 3     
+---Muxes : 
	   2 Input     22 Bit        Muxes := 7     
	   4 Input      4 Bit        Muxes := 1     
	   2 Input      3 Bit        Muxes := 2     
	   2 Input      2 Bit        Muxes := 7     
	   4 Input      1 Bit        Muxes := 5     
	   2 Input      1 Bit        Muxes := 1     
	   3 Input      1 Bit        Muxes := 1     
Module input_buffer__11 
Detailed RTL Component Info : 
+---Adders : 
	   2 Input      4 Bit       Adders := 1     
	   2 Input      3 Bit       Adders := 2     
+---Registers : 
	                4 Bit    Registers := 1     
	                3 Bit    Registers := 10    
	                2 Bit    Registers := 8     
	                1 Bit    Registers := 11    
+---Muxes : 
	   2 Input      3 Bit        Muxes := 3     
	   4 Input      2 Bit        Muxes := 1     
	   2 Input      2 Bit        Muxes := 16    
	   4 Input      1 Bit        Muxes := 1     
	   2 Input      1 Bit        Muxes := 66    
Module circular_buffer__10 
Detailed RTL Component Info : 
+---Adders : 
	   2 Input      4 Bit       Adders := 1     
	   2 Input      3 Bit       Adders := 2     
+---Registers : 
	               22 Bit    Registers := 8     
	                4 Bit    Registers := 1     
	                3 Bit    Registers := 2     
	                2 Bit    Registers := 8     
	                1 Bit    Registers := 3     
+---Muxes : 
	   2 Input     22 Bit        Muxes := 7     
	   4 Input      4 Bit        Muxes := 1     
	   2 Input      3 Bit        Muxes := 2     
	   2 Input      2 Bit        Muxes := 7     
	   4 Input      1 Bit        Muxes := 5     
	   2 Input      1 Bit        Muxes := 1     
	   3 Input      1 Bit        Muxes := 1     
Module input_buffer__10 
Detailed RTL Component Info : 
+---Adders : 
	   2 Input      4 Bit       Adders := 1     
	   2 Input      3 Bit       Adders := 2     
+---Registers : 
	                4 Bit    Registers := 1     
	                3 Bit    Registers := 10    
	                2 Bit    Registers := 8     
	                1 Bit    Registers := 11    
+---Muxes : 
	   2 Input      3 Bit        Muxes := 3     
	   4 Input      2 Bit        Muxes := 1     
	   2 Input      2 Bit        Muxes := 16    
	   4 Input      1 Bit        Muxes := 1     
	   2 Input      1 Bit        Muxes := 66    
Module circular_buffer__9 
Detailed RTL Component Info : 
+---Adders : 
	   2 Input      4 Bit       Adders := 1     
	   2 Input      3 Bit       Adders := 2     
+---Registers : 
	               22 Bit    Registers := 8     
	                4 Bit    Registers := 1     
	                3 Bit    Registers := 2     
	                2 Bit    Registers := 8     
	                1 Bit    Registers := 3     
+---Muxes : 
	   2 Input     22 Bit        Muxes := 7     
	   4 Input      4 Bit        Muxes := 1     
	   2 Input      3 Bit        Muxes := 2     
	   2 Input      2 Bit        Muxes := 7     
	   4 Input      1 Bit        Muxes := 5     
	   2 Input      1 Bit        Muxes := 1     
	   3 Input      1 Bit        Muxes := 1     
Module input_buffer__9 
Detailed RTL Component Info : 
+---Adders : 
	   2 Input      4 Bit       Adders := 1     
	   2 Input      3 Bit       Adders := 2     
+---Registers : 
	                4 Bit    Registers := 1     
	                3 Bit    Registers := 10    
	                2 Bit    Registers := 8     
	                1 Bit    Registers := 11    
+---Muxes : 
	   2 Input      3 Bit        Muxes := 3     
	   4 Input      2 Bit        Muxes := 1     
	   2 Input      2 Bit        Muxes := 16    
	   4 Input      1 Bit        Muxes := 1     
	   2 Input      1 Bit        Muxes := 66    
Module circular_buffer__8 
Detailed RTL Component Info : 
+---Adders : 
	   2 Input      4 Bit       Adders := 1     
	   2 Input      3 Bit       Adders := 2     
+---Registers : 
	               22 Bit    Registers := 8     
	                4 Bit    Registers := 1     
	                3 Bit    Registers := 2     
	                2 Bit    Registers := 8     
	                1 Bit    Registers := 3     
+---Muxes : 
	   2 Input     22 Bit        Muxes := 7     
	   4 Input      4 Bit        Muxes := 1     
	   2 Input      3 Bit        Muxes := 2     
	   2 Input      2 Bit        Muxes := 7     
	   4 Input      1 Bit        Muxes := 5     
	   2 Input      1 Bit        Muxes := 1     
	   3 Input      1 Bit        Muxes := 1     
Module input_buffer__8 
Detailed RTL Component Info : 
+---Adders : 
	   2 Input      4 Bit       Adders := 1     
	   2 Input      3 Bit       Adders := 2     
+---Registers : 
	                4 Bit    Registers := 1     
	                3 Bit    Registers := 10    
	                2 Bit    Registers := 8     
	                1 Bit    Registers := 11    
+---Muxes : 
	   2 Input      3 Bit        Muxes := 3     
	   4 Input      2 Bit        Muxes := 1     
	   2 Input      2 Bit        Muxes := 16    
	   4 Input      1 Bit        Muxes := 1     
	   2 Input      1 Bit        Muxes := 66    
Module input_port__2 
Detailed RTL Component Info : 
+---Muxes : 
	   4 Input     22 Bit        Muxes := 1     
	   2 Input     22 Bit        Muxes := 3     
	   4 Input      2 Bit        Muxes := 2     
	   2 Input      2 Bit        Muxes := 3     
	   2 Input      1 Bit        Muxes := 1     
Module circular_buffer__15 
Detailed RTL Component Info : 
+---Adders : 
	   2 Input      4 Bit       Adders := 1     
	   2 Input      3 Bit       Adders := 2     
+---Registers : 
	               22 Bit    Registers := 8     
	                4 Bit    Registers := 1     
	                3 Bit    Registers := 2     
	                2 Bit    Registers := 8     
	                1 Bit    Registers := 3     
+---Muxes : 
	   2 Input     22 Bit        Muxes := 7     
	   4 Input      4 Bit        Muxes := 1     
	   2 Input      3 Bit        Muxes := 2     
	   2 Input      2 Bit        Muxes := 7     
	   4 Input      1 Bit        Muxes := 5     
	   2 Input      1 Bit        Muxes := 1     
	   3 Input      1 Bit        Muxes := 1     
Module input_buffer__15 
Detailed RTL Component Info : 
+---Adders : 
	   2 Input      4 Bit       Adders := 1     
	   2 Input      3 Bit       Adders := 2     
+---Registers : 
	                4 Bit    Registers := 1     
	                3 Bit    Registers := 10    
	                2 Bit    Registers := 8     
	                1 Bit    Registers := 11    
+---Muxes : 
	   2 Input      3 Bit        Muxes := 3     
	   4 Input      2 Bit        Muxes := 1     
	   2 Input      2 Bit        Muxes := 16    
	   4 Input      1 Bit        Muxes := 1     
	   2 Input      1 Bit        Muxes := 66    
Module circular_buffer__14 
Detailed RTL Component Info : 
+---Adders : 
	   2 Input      4 Bit       Adders := 1     
	   2 Input      3 Bit       Adders := 2     
+---Registers : 
	               22 Bit    Registers := 8     
	                4 Bit    Registers := 1     
	                3 Bit    Registers := 2     
	                2 Bit    Registers := 8     
	                1 Bit    Registers := 3     
+---Muxes : 
	   2 Input     22 Bit        Muxes := 7     
	   4 Input      4 Bit        Muxes := 1     
	   2 Input      3 Bit        Muxes := 2     
	   2 Input      2 Bit        Muxes := 7     
	   4 Input      1 Bit        Muxes := 5     
	   2 Input      1 Bit        Muxes := 1     
	   3 Input      1 Bit        Muxes := 1     
Module input_buffer__14 
Detailed RTL Component Info : 
+---Adders : 
	   2 Input      4 Bit       Adders := 1     
	   2 Input      3 Bit       Adders := 2     
+---Registers : 
	                4 Bit    Registers := 1     
	                3 Bit    Registers := 10    
	                2 Bit    Registers := 8     
	                1 Bit    Registers := 11    
+---Muxes : 
	   2 Input      3 Bit        Muxes := 3     
	   4 Input      2 Bit        Muxes := 1     
	   2 Input      2 Bit        Muxes := 16    
	   4 Input      1 Bit        Muxes := 1     
	   2 Input      1 Bit        Muxes := 66    
Module circular_buffer__13 
Detailed RTL Component Info : 
+---Adders : 
	   2 Input      4 Bit       Adders := 1     
	   2 Input      3 Bit       Adders := 2     
+---Registers : 
	               22 Bit    Registers := 8     
	                4 Bit    Registers := 1     
	                3 Bit    Registers := 2     
	                2 Bit    Registers := 8     
	                1 Bit    Registers := 3     
+---Muxes : 
	   2 Input     22 Bit        Muxes := 7     
	   4 Input      4 Bit        Muxes := 1     
	   2 Input      3 Bit        Muxes := 2     
	   2 Input      2 Bit        Muxes := 7     
	   4 Input      1 Bit        Muxes := 5     
	   2 Input      1 Bit        Muxes := 1     
	   3 Input      1 Bit        Muxes := 1     
Module input_buffer__13 
Detailed RTL Component Info : 
+---Adders : 
	   2 Input      4 Bit       Adders := 1     
	   2 Input      3 Bit       Adders := 2     
+---Registers : 
	                4 Bit    Registers := 1     
	                3 Bit    Registers := 10    
	                2 Bit    Registers := 8     
	                1 Bit    Registers := 11    
+---Muxes : 
	   2 Input      3 Bit        Muxes := 3     
	   4 Input      2 Bit        Muxes := 1     
	   2 Input      2 Bit        Muxes := 16    
	   4 Input      1 Bit        Muxes := 1     
	   2 Input      1 Bit        Muxes := 66    
Module circular_buffer__12 
Detailed RTL Component Info : 
+---Adders : 
	   2 Input      4 Bit       Adders := 1     
	   2 Input      3 Bit       Adders := 2     
+---Registers : 
	               22 Bit    Registers := 8     
	                4 Bit    Registers := 1     
	                3 Bit    Registers := 2     
	                2 Bit    Registers := 8     
	                1 Bit    Registers := 3     
+---Muxes : 
	   2 Input     22 Bit        Muxes := 7     
	   4 Input      4 Bit        Muxes := 1     
	   2 Input      3 Bit        Muxes := 2     
	   2 Input      2 Bit        Muxes := 7     
	   4 Input      1 Bit        Muxes := 5     
	   2 Input      1 Bit        Muxes := 1     
	   3 Input      1 Bit        Muxes := 1     
Module input_buffer__12 
Detailed RTL Component Info : 
+---Adders : 
	   2 Input      4 Bit       Adders := 1     
	   2 Input      3 Bit       Adders := 2     
+---Registers : 
	                4 Bit    Registers := 1     
	                3 Bit    Registers := 10    
	                2 Bit    Registers := 8     
	                1 Bit    Registers := 11    
+---Muxes : 
	   2 Input      3 Bit        Muxes := 3     
	   4 Input      2 Bit        Muxes := 1     
	   2 Input      2 Bit        Muxes := 16    
	   4 Input      1 Bit        Muxes := 1     
	   2 Input      1 Bit        Muxes := 66    
Module input_port__3 
Detailed RTL Component Info : 
+---Muxes : 
	   4 Input     22 Bit        Muxes := 1     
	   2 Input     22 Bit        Muxes := 3     
	   4 Input      2 Bit        Muxes := 2     
	   2 Input      2 Bit        Muxes := 3     
	   2 Input      1 Bit        Muxes := 1     
Module circular_buffer__19 
Detailed RTL Component Info : 
+---Adders : 
	   2 Input      4 Bit       Adders := 1     
	   2 Input      3 Bit       Adders := 2     
+---Registers : 
	               22 Bit    Registers := 8     
	                4 Bit    Registers := 1     
	                3 Bit    Registers := 2     
	                2 Bit    Registers := 8     
	                1 Bit    Registers := 3     
+---Muxes : 
	   2 Input     22 Bit        Muxes := 7     
	   4 Input      4 Bit        Muxes := 1     
	   2 Input      3 Bit        Muxes := 2     
	   2 Input      2 Bit        Muxes := 7     
	   4 Input      1 Bit        Muxes := 5     
	   2 Input      1 Bit        Muxes := 1     
	   3 Input      1 Bit        Muxes := 1     
Module input_buffer__19 
Detailed RTL Component Info : 
+---Adders : 
	   2 Input      4 Bit       Adders := 1     
	   2 Input      3 Bit       Adders := 2     
+---Registers : 
	                4 Bit    Registers := 1     
	                3 Bit    Registers := 10    
	                2 Bit    Registers := 8     
	                1 Bit    Registers := 11    
+---Muxes : 
	   2 Input      3 Bit        Muxes := 3     
	   4 Input      2 Bit        Muxes := 1     
	   2 Input      2 Bit        Muxes := 16    
	   4 Input      1 Bit        Muxes := 1     
	   2 Input      1 Bit        Muxes := 66    
Module circular_buffer__18 
Detailed RTL Component Info : 
+---Adders : 
	   2 Input      4 Bit       Adders := 1     
	   2 Input      3 Bit       Adders := 2     
+---Registers : 
	               22 Bit    Registers := 8     
	                4 Bit    Registers := 1     
	                3 Bit    Registers := 2     
	                2 Bit    Registers := 8     
	                1 Bit    Registers := 3     
+---Muxes : 
	   2 Input     22 Bit        Muxes := 7     
	   4 Input      4 Bit        Muxes := 1     
	   2 Input      3 Bit        Muxes := 2     
	   2 Input      2 Bit        Muxes := 7     
	   4 Input      1 Bit        Muxes := 5     
	   2 Input      1 Bit        Muxes := 1     
	   3 Input      1 Bit        Muxes := 1     
Module input_buffer__18 
Detailed RTL Component Info : 
+---Adders : 
	   2 Input      4 Bit       Adders := 1     
	   2 Input      3 Bit       Adders := 2     
+---Registers : 
	                4 Bit    Registers := 1     
	                3 Bit    Registers := 10    
	                2 Bit    Registers := 8     
	                1 Bit    Registers := 11    
+---Muxes : 
	   2 Input      3 Bit        Muxes := 3     
	   4 Input      2 Bit        Muxes := 1     
	   2 Input      2 Bit        Muxes := 16    
	   4 Input      1 Bit        Muxes := 1     
	   2 Input      1 Bit        Muxes := 66    
Module circular_buffer__17 
Detailed RTL Component Info : 
+---Adders : 
	   2 Input      4 Bit       Adders := 1     
	   2 Input      3 Bit       Adders := 2     
+---Registers : 
	               22 Bit    Registers := 8     
	                4 Bit    Registers := 1     
	                3 Bit    Registers := 2     
	                2 Bit    Registers := 8     
	                1 Bit    Registers := 3     
+---Muxes : 
	   2 Input     22 Bit        Muxes := 7     
	   4 Input      4 Bit        Muxes := 1     
	   2 Input      3 Bit        Muxes := 2     
	   2 Input      2 Bit        Muxes := 7     
	   4 Input      1 Bit        Muxes := 5     
	   2 Input      1 Bit        Muxes := 1     
	   3 Input      1 Bit        Muxes := 1     
Module input_buffer__17 
Detailed RTL Component Info : 
+---Adders : 
	   2 Input      4 Bit       Adders := 1     
	   2 Input      3 Bit       Adders := 2     
+---Registers : 
	                4 Bit    Registers := 1     
	                3 Bit    Registers := 10    
	                2 Bit    Registers := 8     
	                1 Bit    Registers := 11    
+---Muxes : 
	   2 Input      3 Bit        Muxes := 3     
	   4 Input      2 Bit        Muxes := 1     
	   2 Input      2 Bit        Muxes := 16    
	   4 Input      1 Bit        Muxes := 1     
	   2 Input      1 Bit        Muxes := 66    
Module circular_buffer__16 
Detailed RTL Component Info : 
+---Adders : 
	   2 Input      4 Bit       Adders := 1     
	   2 Input      3 Bit       Adders := 2     
+---Registers : 
	               22 Bit    Registers := 8     
	                4 Bit    Registers := 1     
	                3 Bit    Registers := 2     
	                2 Bit    Registers := 8     
	                1 Bit    Registers := 3     
+---Muxes : 
	   2 Input     22 Bit        Muxes := 7     
	   4 Input      4 Bit        Muxes := 1     
	   2 Input      3 Bit        Muxes := 2     
	   2 Input      2 Bit        Muxes := 7     
	   4 Input      1 Bit        Muxes := 5     
	   2 Input      1 Bit        Muxes := 1     
	   3 Input      1 Bit        Muxes := 1     
Module input_buffer__16 
Detailed RTL Component Info : 
+---Adders : 
	   2 Input      4 Bit       Adders := 1     
	   2 Input      3 Bit       Adders := 2     
+---Registers : 
	                4 Bit    Registers := 1     
	                3 Bit    Registers := 10    
	                2 Bit    Registers := 8     
	                1 Bit    Registers := 11    
+---Muxes : 
	   2 Input      3 Bit        Muxes := 3     
	   4 Input      2 Bit        Muxes := 1     
	   2 Input      2 Bit        Muxes := 16    
	   4 Input      1 Bit        Muxes := 1     
	   2 Input      1 Bit        Muxes := 66    
Module input_port__4 
Detailed RTL Component Info : 
+---Muxes : 
	   4 Input     22 Bit        Muxes := 1     
	   2 Input     22 Bit        Muxes := 3     
	   4 Input      2 Bit        Muxes := 2     
	   2 Input      2 Bit        Muxes := 3     
	   2 Input      1 Bit        Muxes := 1     
Module circular_buffer__1 
Detailed RTL Component Info : 
+---Adders : 
	   2 Input      4 Bit       Adders := 1     
	   2 Input      3 Bit       Adders := 2     
+---Registers : 
	               22 Bit    Registers := 8     
	                4 Bit    Registers := 1     
	                3 Bit    Registers := 2     
	                2 Bit    Registers := 8     
	                1 Bit    Registers := 3     
+---Muxes : 
	   2 Input     22 Bit        Muxes := 7     
	   4 Input      4 Bit        Muxes := 1     
	   2 Input      3 Bit        Muxes := 2     
	   2 Input      2 Bit        Muxes := 7     
	   4 Input      1 Bit        Muxes := 5     
	   2 Input      1 Bit        Muxes := 1     
	   3 Input      1 Bit        Muxes := 1     
Module input_buffer__1 
Detailed RTL Component Info : 
+---Adders : 
	   2 Input      4 Bit       Adders := 1     
	   2 Input      3 Bit       Adders := 2     
+---Registers : 
	                4 Bit    Registers := 1     
	                3 Bit    Registers := 10    
	                2 Bit    Registers := 8     
	                1 Bit    Registers := 11    
+---Muxes : 
	   2 Input      3 Bit        Muxes := 3     
	   4 Input      2 Bit        Muxes := 1     
	   2 Input      2 Bit        Muxes := 16    
	   4 Input      1 Bit        Muxes := 1     
	   2 Input      1 Bit        Muxes := 66    
Module circular_buffer__2 
Detailed RTL Component Info : 
+---Adders : 
	   2 Input      4 Bit       Adders := 1     
	   2 Input      3 Bit       Adders := 2     
+---Registers : 
	               22 Bit    Registers := 8     
	                4 Bit    Registers := 1     
	                3 Bit    Registers := 2     
	                2 Bit    Registers := 8     
	                1 Bit    Registers := 3     
+---Muxes : 
	   2 Input     22 Bit        Muxes := 7     
	   4 Input      4 Bit        Muxes := 1     
	   2 Input      3 Bit        Muxes := 2     
	   2 Input      2 Bit        Muxes := 7     
	   4 Input      1 Bit        Muxes := 5     
	   2 Input      1 Bit        Muxes := 1     
	   3 Input      1 Bit        Muxes := 1     
Module input_buffer__2 
Detailed RTL Component Info : 
+---Adders : 
	   2 Input      4 Bit       Adders := 1     
	   2 Input      3 Bit       Adders := 2     
+---Registers : 
	                4 Bit    Registers := 1     
	                3 Bit    Registers := 10    
	                2 Bit    Registers := 8     
	                1 Bit    Registers := 11    
+---Muxes : 
	   2 Input      3 Bit        Muxes := 3     
	   4 Input      2 Bit        Muxes := 1     
	   2 Input      2 Bit        Muxes := 16    
	   4 Input      1 Bit        Muxes := 1     
	   2 Input      1 Bit        Muxes := 66    
Module circular_buffer__3 
Detailed RTL Component Info : 
+---Adders : 
	   2 Input      4 Bit       Adders := 1     
	   2 Input      3 Bit       Adders := 2     
+---Registers : 
	               22 Bit    Registers := 8     
	                4 Bit    Registers := 1     
	                3 Bit    Registers := 2     
	                2 Bit    Registers := 8     
	                1 Bit    Registers := 3     
+---Muxes : 
	   2 Input     22 Bit        Muxes := 7     
	   4 Input      4 Bit        Muxes := 1     
	   2 Input      3 Bit        Muxes := 2     
	   2 Input      2 Bit        Muxes := 7     
	   4 Input      1 Bit        Muxes := 5     
	   2 Input      1 Bit        Muxes := 1     
	   3 Input      1 Bit        Muxes := 1     
Module input_buffer__3 
Detailed RTL Component Info : 
+---Adders : 
	   2 Input      4 Bit       Adders := 1     
	   2 Input      3 Bit       Adders := 2     
+---Registers : 
	                4 Bit    Registers := 1     
	                3 Bit    Registers := 10    
	                2 Bit    Registers := 8     
	                1 Bit    Registers := 11    
+---Muxes : 
	   2 Input      3 Bit        Muxes := 3     
	   4 Input      2 Bit        Muxes := 1     
	   2 Input      2 Bit        Muxes := 16    
	   4 Input      1 Bit        Muxes := 1     
	   2 Input      1 Bit        Muxes := 66    
Module circular_buffer__20 
Detailed RTL Component Info : 
+---Adders : 
	   2 Input      4 Bit       Adders := 1     
	   2 Input      3 Bit       Adders := 2     
+---Registers : 
	               22 Bit    Registers := 8     
	                4 Bit    Registers := 1     
	                3 Bit    Registers := 2     
	                2 Bit    Registers := 8     
	                1 Bit    Registers := 3     
+---Muxes : 
	   2 Input     22 Bit        Muxes := 7     
	   4 Input      4 Bit        Muxes := 1     
	   2 Input      3 Bit        Muxes := 2     
	   2 Input      2 Bit        Muxes := 7     
	   4 Input      1 Bit        Muxes := 5     
	   2 Input      1 Bit        Muxes := 1     
	   3 Input      1 Bit        Muxes := 1     
Module input_buffer__20 
Detailed RTL Component Info : 
+---Adders : 
	   2 Input      4 Bit       Adders := 1     
	   2 Input      3 Bit       Adders := 2     
+---Registers : 
	                4 Bit    Registers := 1     
	                3 Bit    Registers := 10    
	                2 Bit    Registers := 8     
	                1 Bit    Registers := 11    
+---Muxes : 
	   2 Input      3 Bit        Muxes := 3     
	   4 Input      2 Bit        Muxes := 1     
	   2 Input      2 Bit        Muxes := 16    
	   4 Input      1 Bit        Muxes := 1     
	   2 Input      1 Bit        Muxes := 66    
Module input_port 
Detailed RTL Component Info : 
+---Muxes : 
	   4 Input     22 Bit        Muxes := 1     
	   2 Input     22 Bit        Muxes := 3     
	   4 Input      2 Bit        Muxes := 2     
	   2 Input      2 Bit        Muxes := 3     
	   2 Input      1 Bit        Muxes := 1     
Module round_robin_arbiter__6 
Detailed RTL Component Info : 
+---Adders : 
	   2 Input      3 Bit       Adders := 3     
	   2 Input      2 Bit       Adders := 4     
+---Registers : 
	                2 Bit    Registers := 1     
+---Muxes : 
	   2 Input      2 Bit        Muxes := 2     
	   2 Input      1 Bit        Muxes := 3     
Module round_robin_arbiter__7 
Detailed RTL Component Info : 
+---Adders : 
	   2 Input      3 Bit       Adders := 3     
	   2 Input      2 Bit       Adders := 4     
+---Registers : 
	                2 Bit    Registers := 1     
+---Muxes : 
	   2 Input      2 Bit        Muxes := 2     
	   2 Input      1 Bit        Muxes := 3     
Module round_robin_arbiter__8 
Detailed RTL Component Info : 
+---Adders : 
	   2 Input      3 Bit       Adders := 3     
	   2 Input      2 Bit       Adders := 4     
+---Registers : 
	                2 Bit    Registers := 1     
+---Muxes : 
	   2 Input      2 Bit        Muxes := 2     
	   2 Input      1 Bit        Muxes := 3     
Module round_robin_arbiter__9 
Detailed RTL Component Info : 
+---Adders : 
	   2 Input      3 Bit       Adders := 3     
	   2 Input      2 Bit       Adders := 4     
+---Registers : 
	                2 Bit    Registers := 1     
+---Muxes : 
	   2 Input      2 Bit        Muxes := 2     
	   2 Input      1 Bit        Muxes := 3     
Module round_robin_arbiter__10 
Detailed RTL Component Info : 
+---Adders : 
	   2 Input      3 Bit       Adders := 3     
	   2 Input      2 Bit       Adders := 4     
+---Registers : 
	                2 Bit    Registers := 1     
+---Muxes : 
	   2 Input      2 Bit        Muxes := 2     
	   2 Input      1 Bit        Muxes := 3     
Module round_robin_arbiter__parameterized0__6 
Detailed RTL Component Info : 
+---Adders : 
	   2 Input      5 Bit       Adders := 4     
	   2 Input      4 Bit       Adders := 4     
+---Registers : 
	                3 Bit    Registers := 1     
+---Muxes : 
	   5 Input      1 Bit        Muxes := 1     
Module round_robin_arbiter__parameterized0__7 
Detailed RTL Component Info : 
+---Adders : 
	   2 Input      5 Bit       Adders := 4     
	   2 Input      4 Bit       Adders := 4     
+---Registers : 
	                3 Bit    Registers := 1     
+---Muxes : 
	   5 Input      1 Bit        Muxes := 1     
Module round_robin_arbiter__parameterized0__8 
Detailed RTL Component Info : 
+---Adders : 
	   2 Input      5 Bit       Adders := 4     
	   2 Input      4 Bit       Adders := 4     
+---Registers : 
	                3 Bit    Registers := 1     
+---Muxes : 
	   5 Input      1 Bit        Muxes := 1     
Module round_robin_arbiter__parameterized0__9 
Detailed RTL Component Info : 
+---Adders : 
	   2 Input      5 Bit       Adders := 4     
	   2 Input      4 Bit       Adders := 4     
+---Registers : 
	                3 Bit    Registers := 1     
+---Muxes : 
	   5 Input      1 Bit        Muxes := 1     
Module round_robin_arbiter__parameterized0__10 
Detailed RTL Component Info : 
+---Adders : 
	   2 Input      5 Bit       Adders := 4     
	   2 Input      4 Bit       Adders := 4     
+---Registers : 
	                3 Bit    Registers := 1     
+---Muxes : 
	   5 Input      1 Bit        Muxes := 1     
Module separable_input_first_allocator__2 
Detailed RTL Component Info : 
+---Muxes : 
	   2 Input      5 Bit        Muxes := 40    
	   2 Input      4 Bit        Muxes := 60    
	   5 Input      4 Bit        Muxes := 5     
	   2 Input      1 Bit        Muxes := 145   
	   3 Input      1 Bit        Muxes := 15    
Module switch_allocator__1 
Detailed RTL Component Info : 
+---Muxes : 
	   2 Input      5 Bit        Muxes := 19    
	   2 Input      4 Bit        Muxes := 5     
	   2 Input      3 Bit        Muxes := 158   
	   2 Input      2 Bit        Muxes := 10    
	   2 Input      1 Bit        Muxes := 29    
Module rc_unit__parameterized0__1 
Detailed RTL Component Info : 
+---Muxes : 
	   5 Input      3 Bit        Muxes := 1     
Module circular_buffer__27 
Detailed RTL Component Info : 
+---Adders : 
	   2 Input      4 Bit       Adders := 1     
	   2 Input      3 Bit       Adders := 2     
+---Registers : 
	               22 Bit    Registers := 8     
	                4 Bit    Registers := 1     
	                3 Bit    Registers := 2     
	                2 Bit    Registers := 8     
	                1 Bit    Registers := 3     
+---Muxes : 
	   2 Input     22 Bit        Muxes := 7     
	   4 Input      4 Bit        Muxes := 1     
	   2 Input      3 Bit        Muxes := 2     
	   2 Input      2 Bit        Muxes := 7     
	   4 Input      1 Bit        Muxes := 5     
	   2 Input      1 Bit        Muxes := 1     
	   3 Input      1 Bit        Muxes := 1     
Module input_buffer__27 
Detailed RTL Component Info : 
+---Adders : 
	   2 Input      4 Bit       Adders := 1     
	   2 Input      3 Bit       Adders := 2     
+---Registers : 
	                4 Bit    Registers := 1     
	                3 Bit    Registers := 10    
	                2 Bit    Registers := 8     
	                1 Bit    Registers := 11    
+---Muxes : 
	   2 Input      3 Bit        Muxes := 3     
	   4 Input      2 Bit        Muxes := 1     
	   2 Input      2 Bit        Muxes := 16    
	   4 Input      1 Bit        Muxes := 1     
	   2 Input      1 Bit        Muxes := 66    
Module circular_buffer__26 
Detailed RTL Component Info : 
+---Adders : 
	   2 Input      4 Bit       Adders := 1     
	   2 Input      3 Bit       Adders := 2     
+---Registers : 
	               22 Bit    Registers := 8     
	                4 Bit    Registers := 1     
	                3 Bit    Registers := 2     
	                2 Bit    Registers := 8     
	                1 Bit    Registers := 3     
+---Muxes : 
	   2 Input     22 Bit        Muxes := 7     
	   4 Input      4 Bit        Muxes := 1     
	   2 Input      3 Bit        Muxes := 2     
	   2 Input      2 Bit        Muxes := 7     
	   4 Input      1 Bit        Muxes := 5     
	   2 Input      1 Bit        Muxes := 1     
	   3 Input      1 Bit        Muxes := 1     
Module input_buffer__26 
Detailed RTL Component Info : 
+---Adders : 
	   2 Input      4 Bit       Adders := 1     
	   2 Input      3 Bit       Adders := 2     
+---Registers : 
	                4 Bit    Registers := 1     
	                3 Bit    Registers := 10    
	                2 Bit    Registers := 8     
	                1 Bit    Registers := 11    
+---Muxes : 
	   2 Input      3 Bit        Muxes := 3     
	   4 Input      2 Bit        Muxes := 1     
	   2 Input      2 Bit        Muxes := 16    
	   4 Input      1 Bit        Muxes := 1     
	   2 Input      1 Bit        Muxes := 66    
Module circular_buffer__25 
Detailed RTL Component Info : 
+---Adders : 
	   2 Input      4 Bit       Adders := 1     
	   2 Input      3 Bit       Adders := 2     
+---Registers : 
	               22 Bit    Registers := 8     
	                4 Bit    Registers := 1     
	                3 Bit    Registers := 2     
	                2 Bit    Registers := 8     
	                1 Bit    Registers := 3     
+---Muxes : 
	   2 Input     22 Bit        Muxes := 7     
	   4 Input      4 Bit        Muxes := 1     
	   2 Input      3 Bit        Muxes := 2     
	   2 Input      2 Bit        Muxes := 7     
	   4 Input      1 Bit        Muxes := 5     
	   2 Input      1 Bit        Muxes := 1     
	   3 Input      1 Bit        Muxes := 1     
Module input_buffer__25 
Detailed RTL Component Info : 
+---Adders : 
	   2 Input      4 Bit       Adders := 1     
	   2 Input      3 Bit       Adders := 2     
+---Registers : 
	                4 Bit    Registers := 1     
	                3 Bit    Registers := 10    
	                2 Bit    Registers := 8     
	                1 Bit    Registers := 11    
+---Muxes : 
	   2 Input      3 Bit        Muxes := 3     
	   4 Input      2 Bit        Muxes := 1     
	   2 Input      2 Bit        Muxes := 16    
	   4 Input      1 Bit        Muxes := 1     
	   2 Input      1 Bit        Muxes := 66    
Module circular_buffer__24 
Detailed RTL Component Info : 
+---Adders : 
	   2 Input      4 Bit       Adders := 1     
	   2 Input      3 Bit       Adders := 2     
+---Registers : 
	               22 Bit    Registers := 8     
	                4 Bit    Registers := 1     
	                3 Bit    Registers := 2     
	                2 Bit    Registers := 8     
	                1 Bit    Registers := 3     
+---Muxes : 
	   2 Input     22 Bit        Muxes := 7     
	   4 Input      4 Bit        Muxes := 1     
	   2 Input      3 Bit        Muxes := 2     
	   2 Input      2 Bit        Muxes := 7     
	   4 Input      1 Bit        Muxes := 5     
	   2 Input      1 Bit        Muxes := 1     
	   3 Input      1 Bit        Muxes := 1     
Module input_buffer__24 
Detailed RTL Component Info : 
+---Adders : 
	   2 Input      4 Bit       Adders := 1     
	   2 Input      3 Bit       Adders := 2     
+---Registers : 
	                4 Bit    Registers := 1     
	                3 Bit    Registers := 10    
	                2 Bit    Registers := 8     
	                1 Bit    Registers := 11    
+---Muxes : 
	   2 Input      3 Bit        Muxes := 3     
	   4 Input      2 Bit        Muxes := 1     
	   2 Input      2 Bit        Muxes := 16    
	   4 Input      1 Bit        Muxes := 1     
	   2 Input      1 Bit        Muxes := 66    
Module input_port__parameterized0__1 
Detailed RTL Component Info : 
+---Muxes : 
	   4 Input     22 Bit        Muxes := 1     
	   2 Input     22 Bit        Muxes := 3     
	   4 Input      2 Bit        Muxes := 2     
	   2 Input      2 Bit        Muxes := 3     
	   2 Input      1 Bit        Muxes := 1     
Module rc_unit__parameterized0__2 
Detailed RTL Component Info : 
+---Muxes : 
	   5 Input      3 Bit        Muxes := 1     
Module circular_buffer__31 
Detailed RTL Component Info : 
+---Adders : 
	   2 Input      4 Bit       Adders := 1     
	   2 Input      3 Bit       Adders := 2     
+---Registers : 
	               22 Bit    Registers := 8     
	                4 Bit    Registers := 1     
	                3 Bit    Registers := 2     
	                2 Bit    Registers := 8     
	                1 Bit    Registers := 3     
+---Muxes : 
	   2 Input     22 Bit        Muxes := 7     
	   4 Input      4 Bit        Muxes := 1     
	   2 Input      3 Bit        Muxes := 2     
	   2 Input      2 Bit        Muxes := 7     
	   4 Input      1 Bit        Muxes := 5     
	   2 Input      1 Bit        Muxes := 1     
	   3 Input      1 Bit        Muxes := 1     
Module input_buffer__31 
Detailed RTL Component Info : 
+---Adders : 
	   2 Input      4 Bit       Adders := 1     
	   2 Input      3 Bit       Adders := 2     
+---Registers : 
	                4 Bit    Registers := 1     
	                3 Bit    Registers := 10    
	                2 Bit    Registers := 8     
	                1 Bit    Registers := 11    
+---Muxes : 
	   2 Input      3 Bit        Muxes := 3     
	   4 Input      2 Bit        Muxes := 1     
	   2 Input      2 Bit        Muxes := 16    
	   4 Input      1 Bit        Muxes := 1     
	   2 Input      1 Bit        Muxes := 66    
Module circular_buffer__30 
Detailed RTL Component Info : 
+---Adders : 
	   2 Input      4 Bit       Adders := 1     
	   2 Input      3 Bit       Adders := 2     
+---Registers : 
	               22 Bit    Registers := 8     
	                4 Bit    Registers := 1     
	                3 Bit    Registers := 2     
	                2 Bit    Registers := 8     
	                1 Bit    Registers := 3     
+---Muxes : 
	   2 Input     22 Bit        Muxes := 7     
	   4 Input      4 Bit        Muxes := 1     
	   2 Input      3 Bit        Muxes := 2     
	   2 Input      2 Bit        Muxes := 7     
	   4 Input      1 Bit        Muxes := 5     
	   2 Input      1 Bit        Muxes := 1     
	   3 Input      1 Bit        Muxes := 1     
Module input_buffer__30 
Detailed RTL Component Info : 
+---Adders : 
	   2 Input      4 Bit       Adders := 1     
	   2 Input      3 Bit       Adders := 2     
+---Registers : 
	                4 Bit    Registers := 1     
	                3 Bit    Registers := 10    
	                2 Bit    Registers := 8     
	                1 Bit    Registers := 11    
+---Muxes : 
	   2 Input      3 Bit        Muxes := 3     
	   4 Input      2 Bit        Muxes := 1     
	   2 Input      2 Bit        Muxes := 16    
	   4 Input      1 Bit        Muxes := 1     
	   2 Input      1 Bit        Muxes := 66    
Module circular_buffer__29 
Detailed RTL Component Info : 
+---Adders : 
	   2 Input      4 Bit       Adders := 1     
	   2 Input      3 Bit       Adders := 2     
+---Registers : 
	               22 Bit    Registers := 8     
	                4 Bit    Registers := 1     
	                3 Bit    Registers := 2     
	                2 Bit    Registers := 8     
	                1 Bit    Registers := 3     
+---Muxes : 
	   2 Input     22 Bit        Muxes := 7     
	   4 Input      4 Bit        Muxes := 1     
	   2 Input      3 Bit        Muxes := 2     
	   2 Input      2 Bit        Muxes := 7     
	   4 Input      1 Bit        Muxes := 5     
	   2 Input      1 Bit        Muxes := 1     
	   3 Input      1 Bit        Muxes := 1     
Module input_buffer__29 
Detailed RTL Component Info : 
+---Adders : 
	   2 Input      4 Bit       Adders := 1     
	   2 Input      3 Bit       Adders := 2     
+---Registers : 
	                4 Bit    Registers := 1     
	                3 Bit    Registers := 10    
	                2 Bit    Registers := 8     
	                1 Bit    Registers := 11    
+---Muxes : 
	   2 Input      3 Bit        Muxes := 3     
	   4 Input      2 Bit        Muxes := 1     
	   2 Input      2 Bit        Muxes := 16    
	   4 Input      1 Bit        Muxes := 1     
	   2 Input      1 Bit        Muxes := 66    
Module circular_buffer__28 
Detailed RTL Component Info : 
+---Adders : 
	   2 Input      4 Bit       Adders := 1     
	   2 Input      3 Bit       Adders := 2     
+---Registers : 
	               22 Bit    Registers := 8     
	                4 Bit    Registers := 1     
	                3 Bit    Registers := 2     
	                2 Bit    Registers := 8     
	                1 Bit    Registers := 3     
+---Muxes : 
	   2 Input     22 Bit        Muxes := 7     
	   4 Input      4 Bit        Muxes := 1     
	   2 Input      3 Bit        Muxes := 2     
	   2 Input      2 Bit        Muxes := 7     
	   4 Input      1 Bit        Muxes := 5     
	   2 Input      1 Bit        Muxes := 1     
	   3 Input      1 Bit        Muxes := 1     
Module input_buffer__28 
Detailed RTL Component Info : 
+---Adders : 
	   2 Input      4 Bit       Adders := 1     
	   2 Input      3 Bit       Adders := 2     
+---Registers : 
	                4 Bit    Registers := 1     
	                3 Bit    Registers := 10    
	                2 Bit    Registers := 8     
	                1 Bit    Registers := 11    
+---Muxes : 
	   2 Input      3 Bit        Muxes := 3     
	   4 Input      2 Bit        Muxes := 1     
	   2 Input      2 Bit        Muxes := 16    
	   4 Input      1 Bit        Muxes := 1     
	   2 Input      1 Bit        Muxes := 66    
Module input_port__parameterized0__2 
Detailed RTL Component Info : 
+---Muxes : 
	   4 Input     22 Bit        Muxes := 1     
	   2 Input     22 Bit        Muxes := 3     
	   4 Input      2 Bit        Muxes := 2     
	   2 Input      2 Bit        Muxes := 3     
	   2 Input      1 Bit        Muxes := 1     
Module rc_unit__parameterized0__3 
Detailed RTL Component Info : 
+---Muxes : 
	   5 Input      3 Bit        Muxes := 1     
Module circular_buffer__35 
Detailed RTL Component Info : 
+---Adders : 
	   2 Input      4 Bit       Adders := 1     
	   2 Input      3 Bit       Adders := 2     
+---Registers : 
	               22 Bit    Registers := 8     
	                4 Bit    Registers := 1     
	                3 Bit    Registers := 2     
	                2 Bit    Registers := 8     
	                1 Bit    Registers := 3     
+---Muxes : 
	   2 Input     22 Bit        Muxes := 7     
	   4 Input      4 Bit        Muxes := 1     
	   2 Input      3 Bit        Muxes := 2     
	   2 Input      2 Bit        Muxes := 7     
	   4 Input      1 Bit        Muxes := 5     
	   2 Input      1 Bit        Muxes := 1     
	   3 Input      1 Bit        Muxes := 1     
Module input_buffer__35 
Detailed RTL Component Info : 
+---Adders : 
	   2 Input      4 Bit       Adders := 1     
	   2 Input      3 Bit       Adders := 2     
+---Registers : 
	                4 Bit    Registers := 1     
	                3 Bit    Registers := 10    
	                2 Bit    Registers := 8     
	                1 Bit    Registers := 11    
+---Muxes : 
	   2 Input      3 Bit        Muxes := 3     
	   4 Input      2 Bit        Muxes := 1     
	   2 Input      2 Bit        Muxes := 16    
	   4 Input      1 Bit        Muxes := 1     
	   2 Input      1 Bit        Muxes := 66    
Module circular_buffer__34 
Detailed RTL Component Info : 
+---Adders : 
	   2 Input      4 Bit       Adders := 1     
	   2 Input      3 Bit       Adders := 2     
+---Registers : 
	               22 Bit    Registers := 8     
	                4 Bit    Registers := 1     
	                3 Bit    Registers := 2     
	                2 Bit    Registers := 8     
	                1 Bit    Registers := 3     
+---Muxes : 
	   2 Input     22 Bit        Muxes := 7     
	   4 Input      4 Bit        Muxes := 1     
	   2 Input      3 Bit        Muxes := 2     
	   2 Input      2 Bit        Muxes := 7     
	   4 Input      1 Bit        Muxes := 5     
	   2 Input      1 Bit        Muxes := 1     
	   3 Input      1 Bit        Muxes := 1     
Module input_buffer__34 
Detailed RTL Component Info : 
+---Adders : 
	   2 Input      4 Bit       Adders := 1     
	   2 Input      3 Bit       Adders := 2     
+---Registers : 
	                4 Bit    Registers := 1     
	                3 Bit    Registers := 10    
	                2 Bit    Registers := 8     
	                1 Bit    Registers := 11    
+---Muxes : 
	   2 Input      3 Bit        Muxes := 3     
	   4 Input      2 Bit        Muxes := 1     
	   2 Input      2 Bit        Muxes := 16    
	   4 Input      1 Bit        Muxes := 1     
	   2 Input      1 Bit        Muxes := 66    
Module circular_buffer__33 
Detailed RTL Component Info : 
+---Adders : 
	   2 Input      4 Bit       Adders := 1     
	   2 Input      3 Bit       Adders := 2     
+---Registers : 
	               22 Bit    Registers := 8     
	                4 Bit    Registers := 1     
	                3 Bit    Registers := 2     
	                2 Bit    Registers := 8     
	                1 Bit    Registers := 3     
+---Muxes : 
	   2 Input     22 Bit        Muxes := 7     
	   4 Input      4 Bit        Muxes := 1     
	   2 Input      3 Bit        Muxes := 2     
	   2 Input      2 Bit        Muxes := 7     
	   4 Input      1 Bit        Muxes := 5     
	   2 Input      1 Bit        Muxes := 1     
	   3 Input      1 Bit        Muxes := 1     
Module input_buffer__33 
Detailed RTL Component Info : 
+---Adders : 
	   2 Input      4 Bit       Adders := 1     
	   2 Input      3 Bit       Adders := 2     
+---Registers : 
	                4 Bit    Registers := 1     
	                3 Bit    Registers := 10    
	                2 Bit    Registers := 8     
	                1 Bit    Registers := 11    
+---Muxes : 
	   2 Input      3 Bit        Muxes := 3     
	   4 Input      2 Bit        Muxes := 1     
	   2 Input      2 Bit        Muxes := 16    
	   4 Input      1 Bit        Muxes := 1     
	   2 Input      1 Bit        Muxes := 66    
Module circular_buffer__32 
Detailed RTL Component Info : 
+---Adders : 
	   2 Input      4 Bit       Adders := 1     
	   2 Input      3 Bit       Adders := 2     
+---Registers : 
	               22 Bit    Registers := 8     
	                4 Bit    Registers := 1     
	                3 Bit    Registers := 2     
	                2 Bit    Registers := 8     
	                1 Bit    Registers := 3     
+---Muxes : 
	   2 Input     22 Bit        Muxes := 7     
	   4 Input      4 Bit        Muxes := 1     
	   2 Input      3 Bit        Muxes := 2     
	   2 Input      2 Bit        Muxes := 7     
	   4 Input      1 Bit        Muxes := 5     
	   2 Input      1 Bit        Muxes := 1     
	   3 Input      1 Bit        Muxes := 1     
Module input_buffer__32 
Detailed RTL Component Info : 
+---Adders : 
	   2 Input      4 Bit       Adders := 1     
	   2 Input      3 Bit       Adders := 2     
+---Registers : 
	                4 Bit    Registers := 1     
	                3 Bit    Registers := 10    
	                2 Bit    Registers := 8     
	                1 Bit    Registers := 11    
+---Muxes : 
	   2 Input      3 Bit        Muxes := 3     
	   4 Input      2 Bit        Muxes := 1     
	   2 Input      2 Bit        Muxes := 16    
	   4 Input      1 Bit        Muxes := 1     
	   2 Input      1 Bit        Muxes := 66    
Module input_port__parameterized0__3 
Detailed RTL Component Info : 
+---Muxes : 
	   4 Input     22 Bit        Muxes := 1     
	   2 Input     22 Bit        Muxes := 3     
	   4 Input      2 Bit        Muxes := 2     
	   2 Input      2 Bit        Muxes := 3     
	   2 Input      1 Bit        Muxes := 1     
Module rc_unit__parameterized0__4 
Detailed RTL Component Info : 
+---Muxes : 
	   5 Input      3 Bit        Muxes := 1     
Module circular_buffer__39 
Detailed RTL Component Info : 
+---Adders : 
	   2 Input      4 Bit       Adders := 1     
	   2 Input      3 Bit       Adders := 2     
+---Registers : 
	               22 Bit    Registers := 8     
	                4 Bit    Registers := 1     
	                3 Bit    Registers := 2     
	                2 Bit    Registers := 8     
	                1 Bit    Registers := 3     
+---Muxes : 
	   2 Input     22 Bit        Muxes := 7     
	   4 Input      4 Bit        Muxes := 1     
	   2 Input      3 Bit        Muxes := 2     
	   2 Input      2 Bit        Muxes := 7     
	   4 Input      1 Bit        Muxes := 5     
	   2 Input      1 Bit        Muxes := 1     
	   3 Input      1 Bit        Muxes := 1     
Module input_buffer__39 
Detailed RTL Component Info : 
+---Adders : 
	   2 Input      4 Bit       Adders := 1     
	   2 Input      3 Bit       Adders := 2     
+---Registers : 
	                4 Bit    Registers := 1     
	                3 Bit    Registers := 10    
	                2 Bit    Registers := 8     
	                1 Bit    Registers := 11    
+---Muxes : 
	   2 Input      3 Bit        Muxes := 3     
	   4 Input      2 Bit        Muxes := 1     
	   2 Input      2 Bit        Muxes := 16    
	   4 Input      1 Bit        Muxes := 1     
	   2 Input      1 Bit        Muxes := 66    
Module circular_buffer__38 
Detailed RTL Component Info : 
+---Adders : 
	   2 Input      4 Bit       Adders := 1     
	   2 Input      3 Bit       Adders := 2     
+---Registers : 
	               22 Bit    Registers := 8     
	                4 Bit    Registers := 1     
	                3 Bit    Registers := 2     
	                2 Bit    Registers := 8     
	                1 Bit    Registers := 3     
+---Muxes : 
	   2 Input     22 Bit        Muxes := 7     
	   4 Input      4 Bit        Muxes := 1     
	   2 Input      3 Bit        Muxes := 2     
	   2 Input      2 Bit        Muxes := 7     
	   4 Input      1 Bit        Muxes := 5     
	   2 Input      1 Bit        Muxes := 1     
	   3 Input      1 Bit        Muxes := 1     
Module input_buffer__38 
Detailed RTL Component Info : 
+---Adders : 
	   2 Input      4 Bit       Adders := 1     
	   2 Input      3 Bit       Adders := 2     
+---Registers : 
	                4 Bit    Registers := 1     
	                3 Bit    Registers := 10    
	                2 Bit    Registers := 8     
	                1 Bit    Registers := 11    
+---Muxes : 
	   2 Input      3 Bit        Muxes := 3     
	   4 Input      2 Bit        Muxes := 1     
	   2 Input      2 Bit        Muxes := 16    
	   4 Input      1 Bit        Muxes := 1     
	   2 Input      1 Bit        Muxes := 66    
Module circular_buffer__37 
Detailed RTL Component Info : 
+---Adders : 
	   2 Input      4 Bit       Adders := 1     
	   2 Input      3 Bit       Adders := 2     
+---Registers : 
	               22 Bit    Registers := 8     
	                4 Bit    Registers := 1     
	                3 Bit    Registers := 2     
	                2 Bit    Registers := 8     
	                1 Bit    Registers := 3     
+---Muxes : 
	   2 Input     22 Bit        Muxes := 7     
	   4 Input      4 Bit        Muxes := 1     
	   2 Input      3 Bit        Muxes := 2     
	   2 Input      2 Bit        Muxes := 7     
	   4 Input      1 Bit        Muxes := 5     
	   2 Input      1 Bit        Muxes := 1     
	   3 Input      1 Bit        Muxes := 1     
Module input_buffer__37 
Detailed RTL Component Info : 
+---Adders : 
	   2 Input      4 Bit       Adders := 1     
	   2 Input      3 Bit       Adders := 2     
+---Registers : 
	                4 Bit    Registers := 1     
	                3 Bit    Registers := 10    
	                2 Bit    Registers := 8     
	                1 Bit    Registers := 11    
+---Muxes : 
	   2 Input      3 Bit        Muxes := 3     
	   4 Input      2 Bit        Muxes := 1     
	   2 Input      2 Bit        Muxes := 16    
	   4 Input      1 Bit        Muxes := 1     
	   2 Input      1 Bit        Muxes := 66    
Module circular_buffer__36 
Detailed RTL Component Info : 
+---Adders : 
	   2 Input      4 Bit       Adders := 1     
	   2 Input      3 Bit       Adders := 2     
+---Registers : 
	               22 Bit    Registers := 8     
	                4 Bit    Registers := 1     
	                3 Bit    Registers := 2     
	                2 Bit    Registers := 8     
	                1 Bit    Registers := 3     
+---Muxes : 
	   2 Input     22 Bit        Muxes := 7     
	   4 Input      4 Bit        Muxes := 1     
	   2 Input      3 Bit        Muxes := 2     
	   2 Input      2 Bit        Muxes := 7     
	   4 Input      1 Bit        Muxes := 5     
	   2 Input      1 Bit        Muxes := 1     
	   3 Input      1 Bit        Muxes := 1     
Module input_buffer__36 
Detailed RTL Component Info : 
+---Adders : 
	   2 Input      4 Bit       Adders := 1     
	   2 Input      3 Bit       Adders := 2     
+---Registers : 
	                4 Bit    Registers := 1     
	                3 Bit    Registers := 10    
	                2 Bit    Registers := 8     
	                1 Bit    Registers := 11    
+---Muxes : 
	   2 Input      3 Bit        Muxes := 3     
	   4 Input      2 Bit        Muxes := 1     
	   2 Input      2 Bit        Muxes := 16    
	   4 Input      1 Bit        Muxes := 1     
	   2 Input      1 Bit        Muxes := 66    
Module input_port__parameterized0__4 
Detailed RTL Component Info : 
+---Muxes : 
	   4 Input     22 Bit        Muxes := 1     
	   2 Input     22 Bit        Muxes := 3     
	   4 Input      2 Bit        Muxes := 2     
	   2 Input      2 Bit        Muxes := 3     
	   2 Input      1 Bit        Muxes := 1     
Module rc_unit__parameterized0 
Detailed RTL Component Info : 
+---Muxes : 
	   5 Input      3 Bit        Muxes := 1     
Module circular_buffer__21 
Detailed RTL Component Info : 
+---Adders : 
	   2 Input      4 Bit       Adders := 1     
	   2 Input      3 Bit       Adders := 2     
+---Registers : 
	               22 Bit    Registers := 8     
	                4 Bit    Registers := 1     
	                3 Bit    Registers := 2     
	                2 Bit    Registers := 8     
	                1 Bit    Registers := 3     
+---Muxes : 
	   2 Input     22 Bit        Muxes := 7     
	   4 Input      4 Bit        Muxes := 1     
	   2 Input      3 Bit        Muxes := 2     
	   2 Input      2 Bit        Muxes := 7     
	   4 Input      1 Bit        Muxes := 5     
	   2 Input      1 Bit        Muxes := 1     
	   3 Input      1 Bit        Muxes := 1     
Module input_buffer__21 
Detailed RTL Component Info : 
+---Adders : 
	   2 Input      4 Bit       Adders := 1     
	   2 Input      3 Bit       Adders := 2     
+---Registers : 
	                4 Bit    Registers := 1     
	                3 Bit    Registers := 10    
	                2 Bit    Registers := 8     
	                1 Bit    Registers := 11    
+---Muxes : 
	   2 Input      3 Bit        Muxes := 3     
	   4 Input      2 Bit        Muxes := 1     
	   2 Input      2 Bit        Muxes := 16    
	   4 Input      1 Bit        Muxes := 1     
	   2 Input      1 Bit        Muxes := 66    
Module circular_buffer__22 
Detailed RTL Component Info : 
+---Adders : 
	   2 Input      4 Bit       Adders := 1     
	   2 Input      3 Bit       Adders := 2     
+---Registers : 
	               22 Bit    Registers := 8     
	                4 Bit    Registers := 1     
	                3 Bit    Registers := 2     
	                2 Bit    Registers := 8     
	                1 Bit    Registers := 3     
+---Muxes : 
	   2 Input     22 Bit        Muxes := 7     
	   4 Input      4 Bit        Muxes := 1     
	   2 Input      3 Bit        Muxes := 2     
	   2 Input      2 Bit        Muxes := 7     
	   4 Input      1 Bit        Muxes := 5     
	   2 Input      1 Bit        Muxes := 1     
	   3 Input      1 Bit        Muxes := 1     
Module input_buffer__22 
Detailed RTL Component Info : 
+---Adders : 
	   2 Input      4 Bit       Adders := 1     
	   2 Input      3 Bit       Adders := 2     
+---Registers : 
	                4 Bit    Registers := 1     
	                3 Bit    Registers := 10    
	                2 Bit    Registers := 8     
	                1 Bit    Registers := 11    
+---Muxes : 
	   2 Input      3 Bit        Muxes := 3     
	   4 Input      2 Bit        Muxes := 1     
	   2 Input      2 Bit        Muxes := 16    
	   4 Input      1 Bit        Muxes := 1     
	   2 Input      1 Bit        Muxes := 66    
Module circular_buffer__23 
Detailed RTL Component Info : 
+---Adders : 
	   2 Input      4 Bit       Adders := 1     
	   2 Input      3 Bit       Adders := 2     
+---Registers : 
	               22 Bit    Registers := 8     
	                4 Bit    Registers := 1     
	                3 Bit    Registers := 2     
	                2 Bit    Registers := 8     
	                1 Bit    Registers := 3     
+---Muxes : 
	   2 Input     22 Bit        Muxes := 7     
	   4 Input      4 Bit        Muxes := 1     
	   2 Input      3 Bit        Muxes := 2     
	   2 Input      2 Bit        Muxes := 7     
	   4 Input      1 Bit        Muxes := 5     
	   2 Input      1 Bit        Muxes := 1     
	   3 Input      1 Bit        Muxes := 1     
Module input_buffer__23 
Detailed RTL Component Info : 
+---Adders : 
	   2 Input      4 Bit       Adders := 1     
	   2 Input      3 Bit       Adders := 2     
+---Registers : 
	                4 Bit    Registers := 1     
	                3 Bit    Registers := 10    
	                2 Bit    Registers := 8     
	                1 Bit    Registers := 11    
+---Muxes : 
	   2 Input      3 Bit        Muxes := 3     
	   4 Input      2 Bit        Muxes := 1     
	   2 Input      2 Bit        Muxes := 16    
	   4 Input      1 Bit        Muxes := 1     
	   2 Input      1 Bit        Muxes := 66    
Module circular_buffer__40 
Detailed RTL Component Info : 
+---Adders : 
	   2 Input      4 Bit       Adders := 1     
	   2 Input      3 Bit       Adders := 2     
+---Registers : 
	               22 Bit    Registers := 8     
	                4 Bit    Registers := 1     
	                3 Bit    Registers := 2     
	                2 Bit    Registers := 8     
	                1 Bit    Registers := 3     
+---Muxes : 
	   2 Input     22 Bit        Muxes := 7     
	   4 Input      4 Bit        Muxes := 1     
	   2 Input      3 Bit        Muxes := 2     
	   2 Input      2 Bit        Muxes := 7     
	   4 Input      1 Bit        Muxes := 5     
	   2 Input      1 Bit        Muxes := 1     
	   3 Input      1 Bit        Muxes := 1     
Module input_buffer__40 
Detailed RTL Component Info : 
+---Adders : 
	   2 Input      4 Bit       Adders := 1     
	   2 Input      3 Bit       Adders := 2     
+---Registers : 
	                4 Bit    Registers := 1     
	                3 Bit    Registers := 10    
	                2 Bit    Registers := 8     
	                1 Bit    Registers := 11    
+---Muxes : 
	   2 Input      3 Bit        Muxes := 3     
	   4 Input      2 Bit        Muxes := 1     
	   2 Input      2 Bit        Muxes := 16    
	   4 Input      1 Bit        Muxes := 1     
	   2 Input      1 Bit        Muxes := 66    
Module input_port__parameterized0 
Detailed RTL Component Info : 
+---Muxes : 
	   4 Input     22 Bit        Muxes := 1     
	   2 Input     22 Bit        Muxes := 3     
	   4 Input      2 Bit        Muxes := 2     
	   2 Input      2 Bit        Muxes := 3     
	   2 Input      1 Bit        Muxes := 1     
Module round_robin_arbiter__11 
Detailed RTL Component Info : 
+---Adders : 
	   2 Input      3 Bit       Adders := 3     
	   2 Input      2 Bit       Adders := 4     
+---Registers : 
	                2 Bit    Registers := 1     
+---Muxes : 
	   2 Input      2 Bit        Muxes := 2     
	   2 Input      1 Bit        Muxes := 3     
Module round_robin_arbiter__12 
Detailed RTL Component Info : 
+---Adders : 
	   2 Input      3 Bit       Adders := 3     
	   2 Input      2 Bit       Adders := 4     
+---Registers : 
	                2 Bit    Registers := 1     
+---Muxes : 
	   2 Input      2 Bit        Muxes := 2     
	   2 Input      1 Bit        Muxes := 3     
Module round_robin_arbiter__13 
Detailed RTL Component Info : 
+---Adders : 
	   2 Input      3 Bit       Adders := 3     
	   2 Input      2 Bit       Adders := 4     
+---Registers : 
	                2 Bit    Registers := 1     
+---Muxes : 
	   2 Input      2 Bit        Muxes := 2     
	   2 Input      1 Bit        Muxes := 3     
Module round_robin_arbiter__14 
Detailed RTL Component Info : 
+---Adders : 
	   2 Input      3 Bit       Adders := 3     
	   2 Input      2 Bit       Adders := 4     
+---Registers : 
	                2 Bit    Registers := 1     
+---Muxes : 
	   2 Input      2 Bit        Muxes := 2     
	   2 Input      1 Bit        Muxes := 3     
Module round_robin_arbiter__15 
Detailed RTL Component Info : 
+---Adders : 
	   2 Input      3 Bit       Adders := 3     
	   2 Input      2 Bit       Adders := 4     
+---Registers : 
	                2 Bit    Registers := 1     
+---Muxes : 
	   2 Input      2 Bit        Muxes := 2     
	   2 Input      1 Bit        Muxes := 3     
Module round_robin_arbiter__parameterized0__11 
Detailed RTL Component Info : 
+---Adders : 
	   2 Input      5 Bit       Adders := 4     
	   2 Input      4 Bit       Adders := 4     
+---Registers : 
	                3 Bit    Registers := 1     
+---Muxes : 
	   5 Input      1 Bit        Muxes := 1     
Module round_robin_arbiter__parameterized0__12 
Detailed RTL Component Info : 
+---Adders : 
	   2 Input      5 Bit       Adders := 4     
	   2 Input      4 Bit       Adders := 4     
+---Registers : 
	                3 Bit    Registers := 1     
+---Muxes : 
	   5 Input      1 Bit        Muxes := 1     
Module round_robin_arbiter__parameterized0__13 
Detailed RTL Component Info : 
+---Adders : 
	   2 Input      5 Bit       Adders := 4     
	   2 Input      4 Bit       Adders := 4     
+---Registers : 
	                3 Bit    Registers := 1     
+---Muxes : 
	   5 Input      1 Bit        Muxes := 1     
Module round_robin_arbiter__parameterized0__14 
Detailed RTL Component Info : 
+---Adders : 
	   2 Input      5 Bit       Adders := 4     
	   2 Input      4 Bit       Adders := 4     
+---Registers : 
	                3 Bit    Registers := 1     
+---Muxes : 
	   5 Input      1 Bit        Muxes := 1     
Module round_robin_arbiter__parameterized0__15 
Detailed RTL Component Info : 
+---Adders : 
	   2 Input      5 Bit       Adders := 4     
	   2 Input      4 Bit       Adders := 4     
+---Registers : 
	                3 Bit    Registers := 1     
+---Muxes : 
	   5 Input      1 Bit        Muxes := 1     
Module separable_input_first_allocator__3 
Detailed RTL Component Info : 
+---Muxes : 
	   2 Input      5 Bit        Muxes := 40    
	   2 Input      4 Bit        Muxes := 60    
	   5 Input      4 Bit        Muxes := 5     
	   2 Input      1 Bit        Muxes := 145   
	   3 Input      1 Bit        Muxes := 15    
Module switch_allocator__2 
Detailed RTL Component Info : 
+---Muxes : 
	   2 Input      5 Bit        Muxes := 19    
	   2 Input      4 Bit        Muxes := 5     
	   2 Input      3 Bit        Muxes := 158   
	   2 Input      2 Bit        Muxes := 10    
	   2 Input      1 Bit        Muxes := 29    
Module circular_buffer__47 
Detailed RTL Component Info : 
+---Adders : 
	   2 Input      4 Bit       Adders := 1     
	   2 Input      3 Bit       Adders := 2     
+---Registers : 
	               22 Bit    Registers := 8     
	                4 Bit    Registers := 1     
	                3 Bit    Registers := 2     
	                2 Bit    Registers := 8     
	                1 Bit    Registers := 3     
+---Muxes : 
	   2 Input     22 Bit        Muxes := 7     
	   4 Input      4 Bit        Muxes := 1     
	   2 Input      3 Bit        Muxes := 2     
	   2 Input      2 Bit        Muxes := 7     
	   4 Input      1 Bit        Muxes := 5     
	   2 Input      1 Bit        Muxes := 1     
	   3 Input      1 Bit        Muxes := 1     
Module input_buffer__47 
Detailed RTL Component Info : 
+---Adders : 
	   2 Input      4 Bit       Adders := 1     
	   2 Input      3 Bit       Adders := 2     
+---Registers : 
	                4 Bit    Registers := 1     
	                3 Bit    Registers := 10    
	                2 Bit    Registers := 8     
	                1 Bit    Registers := 11    
+---Muxes : 
	   2 Input      3 Bit        Muxes := 3     
	   4 Input      2 Bit        Muxes := 1     
	   2 Input      2 Bit        Muxes := 16    
	   4 Input      1 Bit        Muxes := 1     
	   2 Input      1 Bit        Muxes := 66    
Module circular_buffer__46 
Detailed RTL Component Info : 
+---Adders : 
	   2 Input      4 Bit       Adders := 1     
	   2 Input      3 Bit       Adders := 2     
+---Registers : 
	               22 Bit    Registers := 8     
	                4 Bit    Registers := 1     
	                3 Bit    Registers := 2     
	                2 Bit    Registers := 8     
	                1 Bit    Registers := 3     
+---Muxes : 
	   2 Input     22 Bit        Muxes := 7     
	   4 Input      4 Bit        Muxes := 1     
	   2 Input      3 Bit        Muxes := 2     
	   2 Input      2 Bit        Muxes := 7     
	   4 Input      1 Bit        Muxes := 5     
	   2 Input      1 Bit        Muxes := 1     
	   3 Input      1 Bit        Muxes := 1     
Module input_buffer__46 
Detailed RTL Component Info : 
+---Adders : 
	   2 Input      4 Bit       Adders := 1     
	   2 Input      3 Bit       Adders := 2     
+---Registers : 
	                4 Bit    Registers := 1     
	                3 Bit    Registers := 10    
	                2 Bit    Registers := 8     
	                1 Bit    Registers := 11    
+---Muxes : 
	   2 Input      3 Bit        Muxes := 3     
	   4 Input      2 Bit        Muxes := 1     
	   2 Input      2 Bit        Muxes := 16    
	   4 Input      1 Bit        Muxes := 1     
	   2 Input      1 Bit        Muxes := 66    
Module circular_buffer__45 
Detailed RTL Component Info : 
+---Adders : 
	   2 Input      4 Bit       Adders := 1     
	   2 Input      3 Bit       Adders := 2     
+---Registers : 
	               22 Bit    Registers := 8     
	                4 Bit    Registers := 1     
	                3 Bit    Registers := 2     
	                2 Bit    Registers := 8     
	                1 Bit    Registers := 3     
+---Muxes : 
	   2 Input     22 Bit        Muxes := 7     
	   4 Input      4 Bit        Muxes := 1     
	   2 Input      3 Bit        Muxes := 2     
	   2 Input      2 Bit        Muxes := 7     
	   4 Input      1 Bit        Muxes := 5     
	   2 Input      1 Bit        Muxes := 1     
	   3 Input      1 Bit        Muxes := 1     
Module input_buffer__45 
Detailed RTL Component Info : 
+---Adders : 
	   2 Input      4 Bit       Adders := 1     
	   2 Input      3 Bit       Adders := 2     
+---Registers : 
	                4 Bit    Registers := 1     
	                3 Bit    Registers := 10    
	                2 Bit    Registers := 8     
	                1 Bit    Registers := 11    
+---Muxes : 
	   2 Input      3 Bit        Muxes := 3     
	   4 Input      2 Bit        Muxes := 1     
	   2 Input      2 Bit        Muxes := 16    
	   4 Input      1 Bit        Muxes := 1     
	   2 Input      1 Bit        Muxes := 66    
Module circular_buffer__44 
Detailed RTL Component Info : 
+---Adders : 
	   2 Input      4 Bit       Adders := 1     
	   2 Input      3 Bit       Adders := 2     
+---Registers : 
	               22 Bit    Registers := 8     
	                4 Bit    Registers := 1     
	                3 Bit    Registers := 2     
	                2 Bit    Registers := 8     
	                1 Bit    Registers := 3     
+---Muxes : 
	   2 Input     22 Bit        Muxes := 7     
	   4 Input      4 Bit        Muxes := 1     
	   2 Input      3 Bit        Muxes := 2     
	   2 Input      2 Bit        Muxes := 7     
	   4 Input      1 Bit        Muxes := 5     
	   2 Input      1 Bit        Muxes := 1     
	   3 Input      1 Bit        Muxes := 1     
Module input_buffer__44 
Detailed RTL Component Info : 
+---Adders : 
	   2 Input      4 Bit       Adders := 1     
	   2 Input      3 Bit       Adders := 2     
+---Registers : 
	                4 Bit    Registers := 1     
	                3 Bit    Registers := 10    
	                2 Bit    Registers := 8     
	                1 Bit    Registers := 11    
+---Muxes : 
	   2 Input      3 Bit        Muxes := 3     
	   4 Input      2 Bit        Muxes := 1     
	   2 Input      2 Bit        Muxes := 16    
	   4 Input      1 Bit        Muxes := 1     
	   2 Input      1 Bit        Muxes := 66    
Module input_port__parameterized1__1 
Detailed RTL Component Info : 
+---Muxes : 
	   4 Input     22 Bit        Muxes := 1     
	   2 Input     22 Bit        Muxes := 3     
	   4 Input      2 Bit        Muxes := 2     
	   2 Input      2 Bit        Muxes := 3     
	   2 Input      1 Bit        Muxes := 1     
Module circular_buffer__51 
Detailed RTL Component Info : 
+---Adders : 
	   2 Input      4 Bit       Adders := 1     
	   2 Input      3 Bit       Adders := 2     
+---Registers : 
	               22 Bit    Registers := 8     
	                4 Bit    Registers := 1     
	                3 Bit    Registers := 2     
	                2 Bit    Registers := 8     
	                1 Bit    Registers := 3     
+---Muxes : 
	   2 Input     22 Bit        Muxes := 7     
	   4 Input      4 Bit        Muxes := 1     
	   2 Input      3 Bit        Muxes := 2     
	   2 Input      2 Bit        Muxes := 7     
	   4 Input      1 Bit        Muxes := 5     
	   2 Input      1 Bit        Muxes := 1     
	   3 Input      1 Bit        Muxes := 1     
Module input_buffer__51 
Detailed RTL Component Info : 
+---Adders : 
	   2 Input      4 Bit       Adders := 1     
	   2 Input      3 Bit       Adders := 2     
+---Registers : 
	                4 Bit    Registers := 1     
	                3 Bit    Registers := 10    
	                2 Bit    Registers := 8     
	                1 Bit    Registers := 11    
+---Muxes : 
	   2 Input      3 Bit        Muxes := 3     
	   4 Input      2 Bit        Muxes := 1     
	   2 Input      2 Bit        Muxes := 16    
	   4 Input      1 Bit        Muxes := 1     
	   2 Input      1 Bit        Muxes := 66    
Module circular_buffer__50 
Detailed RTL Component Info : 
+---Adders : 
	   2 Input      4 Bit       Adders := 1     
	   2 Input      3 Bit       Adders := 2     
+---Registers : 
	               22 Bit    Registers := 8     
	                4 Bit    Registers := 1     
	                3 Bit    Registers := 2     
	                2 Bit    Registers := 8     
	                1 Bit    Registers := 3     
+---Muxes : 
	   2 Input     22 Bit        Muxes := 7     
	   4 Input      4 Bit        Muxes := 1     
	   2 Input      3 Bit        Muxes := 2     
	   2 Input      2 Bit        Muxes := 7     
	   4 Input      1 Bit        Muxes := 5     
	   2 Input      1 Bit        Muxes := 1     
	   3 Input      1 Bit        Muxes := 1     
Module input_buffer__50 
Detailed RTL Component Info : 
+---Adders : 
	   2 Input      4 Bit       Adders := 1     
	   2 Input      3 Bit       Adders := 2     
+---Registers : 
	                4 Bit    Registers := 1     
	                3 Bit    Registers := 10    
	                2 Bit    Registers := 8     
	                1 Bit    Registers := 11    
+---Muxes : 
	   2 Input      3 Bit        Muxes := 3     
	   4 Input      2 Bit        Muxes := 1     
	   2 Input      2 Bit        Muxes := 16    
	   4 Input      1 Bit        Muxes := 1     
	   2 Input      1 Bit        Muxes := 66    
Module circular_buffer__49 
Detailed RTL Component Info : 
+---Adders : 
	   2 Input      4 Bit       Adders := 1     
	   2 Input      3 Bit       Adders := 2     
+---Registers : 
	               22 Bit    Registers := 8     
	                4 Bit    Registers := 1     
	                3 Bit    Registers := 2     
	                2 Bit    Registers := 8     
	                1 Bit    Registers := 3     
+---Muxes : 
	   2 Input     22 Bit        Muxes := 7     
	   4 Input      4 Bit        Muxes := 1     
	   2 Input      3 Bit        Muxes := 2     
	   2 Input      2 Bit        Muxes := 7     
	   4 Input      1 Bit        Muxes := 5     
	   2 Input      1 Bit        Muxes := 1     
	   3 Input      1 Bit        Muxes := 1     
Module input_buffer__49 
Detailed RTL Component Info : 
+---Adders : 
	   2 Input      4 Bit       Adders := 1     
	   2 Input      3 Bit       Adders := 2     
+---Registers : 
	                4 Bit    Registers := 1     
	                3 Bit    Registers := 10    
	                2 Bit    Registers := 8     
	                1 Bit    Registers := 11    
+---Muxes : 
	   2 Input      3 Bit        Muxes := 3     
	   4 Input      2 Bit        Muxes := 1     
	   2 Input      2 Bit        Muxes := 16    
	   4 Input      1 Bit        Muxes := 1     
	   2 Input      1 Bit        Muxes := 66    
Module circular_buffer__48 
Detailed RTL Component Info : 
+---Adders : 
	   2 Input      4 Bit       Adders := 1     
	   2 Input      3 Bit       Adders := 2     
+---Registers : 
	               22 Bit    Registers := 8     
	                4 Bit    Registers := 1     
	                3 Bit    Registers := 2     
	                2 Bit    Registers := 8     
	                1 Bit    Registers := 3     
+---Muxes : 
	   2 Input     22 Bit        Muxes := 7     
	   4 Input      4 Bit        Muxes := 1     
	   2 Input      3 Bit        Muxes := 2     
	   2 Input      2 Bit        Muxes := 7     
	   4 Input      1 Bit        Muxes := 5     
	   2 Input      1 Bit        Muxes := 1     
	   3 Input      1 Bit        Muxes := 1     
Module input_buffer__48 
Detailed RTL Component Info : 
+---Adders : 
	   2 Input      4 Bit       Adders := 1     
	   2 Input      3 Bit       Adders := 2     
+---Registers : 
	                4 Bit    Registers := 1     
	                3 Bit    Registers := 10    
	                2 Bit    Registers := 8     
	                1 Bit    Registers := 11    
+---Muxes : 
	   2 Input      3 Bit        Muxes := 3     
	   4 Input      2 Bit        Muxes := 1     
	   2 Input      2 Bit        Muxes := 16    
	   4 Input      1 Bit        Muxes := 1     
	   2 Input      1 Bit        Muxes := 66    
Module input_port__parameterized1__2 
Detailed RTL Component Info : 
+---Muxes : 
	   4 Input     22 Bit        Muxes := 1     
	   2 Input     22 Bit        Muxes := 3     
	   4 Input      2 Bit        Muxes := 2     
	   2 Input      2 Bit        Muxes := 3     
	   2 Input      1 Bit        Muxes := 1     
Module circular_buffer__55 
Detailed RTL Component Info : 
+---Adders : 
	   2 Input      4 Bit       Adders := 1     
	   2 Input      3 Bit       Adders := 2     
+---Registers : 
	               22 Bit    Registers := 8     
	                4 Bit    Registers := 1     
	                3 Bit    Registers := 2     
	                2 Bit    Registers := 8     
	                1 Bit    Registers := 3     
+---Muxes : 
	   2 Input     22 Bit        Muxes := 7     
	   4 Input      4 Bit        Muxes := 1     
	   2 Input      3 Bit        Muxes := 2     
	   2 Input      2 Bit        Muxes := 7     
	   4 Input      1 Bit        Muxes := 5     
	   2 Input      1 Bit        Muxes := 1     
	   3 Input      1 Bit        Muxes := 1     
Module input_buffer__55 
Detailed RTL Component Info : 
+---Adders : 
	   2 Input      4 Bit       Adders := 1     
	   2 Input      3 Bit       Adders := 2     
+---Registers : 
	                4 Bit    Registers := 1     
	                3 Bit    Registers := 10    
	                2 Bit    Registers := 8     
	                1 Bit    Registers := 11    
+---Muxes : 
	   2 Input      3 Bit        Muxes := 3     
	   4 Input      2 Bit        Muxes := 1     
	   2 Input      2 Bit        Muxes := 16    
	   4 Input      1 Bit        Muxes := 1     
	   2 Input      1 Bit        Muxes := 66    
Module circular_buffer__54 
Detailed RTL Component Info : 
+---Adders : 
	   2 Input      4 Bit       Adders := 1     
	   2 Input      3 Bit       Adders := 2     
+---Registers : 
	               22 Bit    Registers := 8     
	                4 Bit    Registers := 1     
	                3 Bit    Registers := 2     
	                2 Bit    Registers := 8     
	                1 Bit    Registers := 3     
+---Muxes : 
	   2 Input     22 Bit        Muxes := 7     
	   4 Input      4 Bit        Muxes := 1     
	   2 Input      3 Bit        Muxes := 2     
	   2 Input      2 Bit        Muxes := 7     
	   4 Input      1 Bit        Muxes := 5     
	   2 Input      1 Bit        Muxes := 1     
	   3 Input      1 Bit        Muxes := 1     
Module input_buffer__54 
Detailed RTL Component Info : 
+---Adders : 
	   2 Input      4 Bit       Adders := 1     
	   2 Input      3 Bit       Adders := 2     
+---Registers : 
	                4 Bit    Registers := 1     
	                3 Bit    Registers := 10    
	                2 Bit    Registers := 8     
	                1 Bit    Registers := 11    
+---Muxes : 
	   2 Input      3 Bit        Muxes := 3     
	   4 Input      2 Bit        Muxes := 1     
	   2 Input      2 Bit        Muxes := 16    
	   4 Input      1 Bit        Muxes := 1     
	   2 Input      1 Bit        Muxes := 66    
Module circular_buffer__53 
Detailed RTL Component Info : 
+---Adders : 
	   2 Input      4 Bit       Adders := 1     
	   2 Input      3 Bit       Adders := 2     
+---Registers : 
	               22 Bit    Registers := 8     
	                4 Bit    Registers := 1     
	                3 Bit    Registers := 2     
	                2 Bit    Registers := 8     
	                1 Bit    Registers := 3     
+---Muxes : 
	   2 Input     22 Bit        Muxes := 7     
	   4 Input      4 Bit        Muxes := 1     
	   2 Input      3 Bit        Muxes := 2     
	   2 Input      2 Bit        Muxes := 7     
	   4 Input      1 Bit        Muxes := 5     
	   2 Input      1 Bit        Muxes := 1     
	   3 Input      1 Bit        Muxes := 1     
Module input_buffer__53 
Detailed RTL Component Info : 
+---Adders : 
	   2 Input      4 Bit       Adders := 1     
	   2 Input      3 Bit       Adders := 2     
+---Registers : 
	                4 Bit    Registers := 1     
	                3 Bit    Registers := 10    
	                2 Bit    Registers := 8     
	                1 Bit    Registers := 11    
+---Muxes : 
	   2 Input      3 Bit        Muxes := 3     
	   4 Input      2 Bit        Muxes := 1     
	   2 Input      2 Bit        Muxes := 16    
	   4 Input      1 Bit        Muxes := 1     
	   2 Input      1 Bit        Muxes := 66    
Module circular_buffer__52 
Detailed RTL Component Info : 
+---Adders : 
	   2 Input      4 Bit       Adders := 1     
	   2 Input      3 Bit       Adders := 2     
+---Registers : 
	               22 Bit    Registers := 8     
	                4 Bit    Registers := 1     
	                3 Bit    Registers := 2     
	                2 Bit    Registers := 8     
	                1 Bit    Registers := 3     
+---Muxes : 
	   2 Input     22 Bit        Muxes := 7     
	   4 Input      4 Bit        Muxes := 1     
	   2 Input      3 Bit        Muxes := 2     
	   2 Input      2 Bit        Muxes := 7     
	   4 Input      1 Bit        Muxes := 5     
	   2 Input      1 Bit        Muxes := 1     
	   3 Input      1 Bit        Muxes := 1     
Module input_buffer__52 
Detailed RTL Component Info : 
+---Adders : 
	   2 Input      4 Bit       Adders := 1     
	   2 Input      3 Bit       Adders := 2     
+---Registers : 
	                4 Bit    Registers := 1     
	                3 Bit    Registers := 10    
	                2 Bit    Registers := 8     
	                1 Bit    Registers := 11    
+---Muxes : 
	   2 Input      3 Bit        Muxes := 3     
	   4 Input      2 Bit        Muxes := 1     
	   2 Input      2 Bit        Muxes := 16    
	   4 Input      1 Bit        Muxes := 1     
	   2 Input      1 Bit        Muxes := 66    
Module input_port__parameterized1__3 
Detailed RTL Component Info : 
+---Muxes : 
	   4 Input     22 Bit        Muxes := 1     
	   2 Input     22 Bit        Muxes := 3     
	   4 Input      2 Bit        Muxes := 2     
	   2 Input      2 Bit        Muxes := 3     
	   2 Input      1 Bit        Muxes := 1     
Module circular_buffer__59 
Detailed RTL Component Info : 
+---Adders : 
	   2 Input      4 Bit       Adders := 1     
	   2 Input      3 Bit       Adders := 2     
+---Registers : 
	               22 Bit    Registers := 8     
	                4 Bit    Registers := 1     
	                3 Bit    Registers := 2     
	                2 Bit    Registers := 8     
	                1 Bit    Registers := 3     
+---Muxes : 
	   2 Input     22 Bit        Muxes := 7     
	   4 Input      4 Bit        Muxes := 1     
	   2 Input      3 Bit        Muxes := 2     
	   2 Input      2 Bit        Muxes := 7     
	   4 Input      1 Bit        Muxes := 5     
	   2 Input      1 Bit        Muxes := 1     
	   3 Input      1 Bit        Muxes := 1     
Module input_buffer__59 
Detailed RTL Component Info : 
+---Adders : 
	   2 Input      4 Bit       Adders := 1     
	   2 Input      3 Bit       Adders := 2     
+---Registers : 
	                4 Bit    Registers := 1     
	                3 Bit    Registers := 10    
	                2 Bit    Registers := 8     
	                1 Bit    Registers := 11    
+---Muxes : 
	   2 Input      3 Bit        Muxes := 3     
	   4 Input      2 Bit        Muxes := 1     
	   2 Input      2 Bit        Muxes := 16    
	   4 Input      1 Bit        Muxes := 1     
	   2 Input      1 Bit        Muxes := 66    
Module circular_buffer__58 
Detailed RTL Component Info : 
+---Adders : 
	   2 Input      4 Bit       Adders := 1     
	   2 Input      3 Bit       Adders := 2     
+---Registers : 
	               22 Bit    Registers := 8     
	                4 Bit    Registers := 1     
	                3 Bit    Registers := 2     
	                2 Bit    Registers := 8     
	                1 Bit    Registers := 3     
+---Muxes : 
	   2 Input     22 Bit        Muxes := 7     
	   4 Input      4 Bit        Muxes := 1     
	   2 Input      3 Bit        Muxes := 2     
	   2 Input      2 Bit        Muxes := 7     
	   4 Input      1 Bit        Muxes := 5     
	   2 Input      1 Bit        Muxes := 1     
	   3 Input      1 Bit        Muxes := 1     
Module input_buffer__58 
Detailed RTL Component Info : 
+---Adders : 
	   2 Input      4 Bit       Adders := 1     
	   2 Input      3 Bit       Adders := 2     
+---Registers : 
	                4 Bit    Registers := 1     
	                3 Bit    Registers := 10    
	                2 Bit    Registers := 8     
	                1 Bit    Registers := 11    
+---Muxes : 
	   2 Input      3 Bit        Muxes := 3     
	   4 Input      2 Bit        Muxes := 1     
	   2 Input      2 Bit        Muxes := 16    
	   4 Input      1 Bit        Muxes := 1     
	   2 Input      1 Bit        Muxes := 66    
Module circular_buffer__57 
Detailed RTL Component Info : 
+---Adders : 
	   2 Input      4 Bit       Adders := 1     
	   2 Input      3 Bit       Adders := 2     
+---Registers : 
	               22 Bit    Registers := 8     
	                4 Bit    Registers := 1     
	                3 Bit    Registers := 2     
	                2 Bit    Registers := 8     
	                1 Bit    Registers := 3     
+---Muxes : 
	   2 Input     22 Bit        Muxes := 7     
	   4 Input      4 Bit        Muxes := 1     
	   2 Input      3 Bit        Muxes := 2     
	   2 Input      2 Bit        Muxes := 7     
	   4 Input      1 Bit        Muxes := 5     
	   2 Input      1 Bit        Muxes := 1     
	   3 Input      1 Bit        Muxes := 1     
Module input_buffer__57 
Detailed RTL Component Info : 
+---Adders : 
	   2 Input      4 Bit       Adders := 1     
	   2 Input      3 Bit       Adders := 2     
+---Registers : 
	                4 Bit    Registers := 1     
	                3 Bit    Registers := 10    
	                2 Bit    Registers := 8     
	                1 Bit    Registers := 11    
+---Muxes : 
	   2 Input      3 Bit        Muxes := 3     
	   4 Input      2 Bit        Muxes := 1     
	   2 Input      2 Bit        Muxes := 16    
	   4 Input      1 Bit        Muxes := 1     
	   2 Input      1 Bit        Muxes := 66    
Module circular_buffer__56 
Detailed RTL Component Info : 
+---Adders : 
	   2 Input      4 Bit       Adders := 1     
	   2 Input      3 Bit       Adders := 2     
+---Registers : 
	               22 Bit    Registers := 8     
	                4 Bit    Registers := 1     
	                3 Bit    Registers := 2     
	                2 Bit    Registers := 8     
	                1 Bit    Registers := 3     
+---Muxes : 
	   2 Input     22 Bit        Muxes := 7     
	   4 Input      4 Bit        Muxes := 1     
	   2 Input      3 Bit        Muxes := 2     
	   2 Input      2 Bit        Muxes := 7     
	   4 Input      1 Bit        Muxes := 5     
	   2 Input      1 Bit        Muxes := 1     
	   3 Input      1 Bit        Muxes := 1     
Module input_buffer__56 
Detailed RTL Component Info : 
+---Adders : 
	   2 Input      4 Bit       Adders := 1     
	   2 Input      3 Bit       Adders := 2     
+---Registers : 
	                4 Bit    Registers := 1     
	                3 Bit    Registers := 10    
	                2 Bit    Registers := 8     
	                1 Bit    Registers := 11    
+---Muxes : 
	   2 Input      3 Bit        Muxes := 3     
	   4 Input      2 Bit        Muxes := 1     
	   2 Input      2 Bit        Muxes := 16    
	   4 Input      1 Bit        Muxes := 1     
	   2 Input      1 Bit        Muxes := 66    
Module input_port__parameterized1__4 
Detailed RTL Component Info : 
+---Muxes : 
	   4 Input     22 Bit        Muxes := 1     
	   2 Input     22 Bit        Muxes := 3     
	   4 Input      2 Bit        Muxes := 2     
	   2 Input      2 Bit        Muxes := 3     
	   2 Input      1 Bit        Muxes := 1     
Module circular_buffer__41 
Detailed RTL Component Info : 
+---Adders : 
	   2 Input      4 Bit       Adders := 1     
	   2 Input      3 Bit       Adders := 2     
+---Registers : 
	               22 Bit    Registers := 8     
	                4 Bit    Registers := 1     
	                3 Bit    Registers := 2     
	                2 Bit    Registers := 8     
	                1 Bit    Registers := 3     
+---Muxes : 
	   2 Input     22 Bit        Muxes := 7     
	   4 Input      4 Bit        Muxes := 1     
	   2 Input      3 Bit        Muxes := 2     
	   2 Input      2 Bit        Muxes := 7     
	   4 Input      1 Bit        Muxes := 5     
	   2 Input      1 Bit        Muxes := 1     
	   3 Input      1 Bit        Muxes := 1     
Module input_buffer__41 
Detailed RTL Component Info : 
+---Adders : 
	   2 Input      4 Bit       Adders := 1     
	   2 Input      3 Bit       Adders := 2     
+---Registers : 
	                4 Bit    Registers := 1     
	                3 Bit    Registers := 10    
	                2 Bit    Registers := 8     
	                1 Bit    Registers := 11    
+---Muxes : 
	   2 Input      3 Bit        Muxes := 3     
	   4 Input      2 Bit        Muxes := 1     
	   2 Input      2 Bit        Muxes := 16    
	   4 Input      1 Bit        Muxes := 1     
	   2 Input      1 Bit        Muxes := 66    
Module circular_buffer__42 
Detailed RTL Component Info : 
+---Adders : 
	   2 Input      4 Bit       Adders := 1     
	   2 Input      3 Bit       Adders := 2     
+---Registers : 
	               22 Bit    Registers := 8     
	                4 Bit    Registers := 1     
	                3 Bit    Registers := 2     
	                2 Bit    Registers := 8     
	                1 Bit    Registers := 3     
+---Muxes : 
	   2 Input     22 Bit        Muxes := 7     
	   4 Input      4 Bit        Muxes := 1     
	   2 Input      3 Bit        Muxes := 2     
	   2 Input      2 Bit        Muxes := 7     
	   4 Input      1 Bit        Muxes := 5     
	   2 Input      1 Bit        Muxes := 1     
	   3 Input      1 Bit        Muxes := 1     
Module input_buffer__42 
Detailed RTL Component Info : 
+---Adders : 
	   2 Input      4 Bit       Adders := 1     
	   2 Input      3 Bit       Adders := 2     
+---Registers : 
	                4 Bit    Registers := 1     
	                3 Bit    Registers := 10    
	                2 Bit    Registers := 8     
	                1 Bit    Registers := 11    
+---Muxes : 
	   2 Input      3 Bit        Muxes := 3     
	   4 Input      2 Bit        Muxes := 1     
	   2 Input      2 Bit        Muxes := 16    
	   4 Input      1 Bit        Muxes := 1     
	   2 Input      1 Bit        Muxes := 66    
Module circular_buffer__43 
Detailed RTL Component Info : 
+---Adders : 
	   2 Input      4 Bit       Adders := 1     
	   2 Input      3 Bit       Adders := 2     
+---Registers : 
	               22 Bit    Registers := 8     
	                4 Bit    Registers := 1     
	                3 Bit    Registers := 2     
	                2 Bit    Registers := 8     
	                1 Bit    Registers := 3     
+---Muxes : 
	   2 Input     22 Bit        Muxes := 7     
	   4 Input      4 Bit        Muxes := 1     
	   2 Input      3 Bit        Muxes := 2     
	   2 Input      2 Bit        Muxes := 7     
	   4 Input      1 Bit        Muxes := 5     
	   2 Input      1 Bit        Muxes := 1     
	   3 Input      1 Bit        Muxes := 1     
Module input_buffer__43 
Detailed RTL Component Info : 
+---Adders : 
	   2 Input      4 Bit       Adders := 1     
	   2 Input      3 Bit       Adders := 2     
+---Registers : 
	                4 Bit    Registers := 1     
	                3 Bit    Registers := 10    
	                2 Bit    Registers := 8     
	                1 Bit    Registers := 11    
+---Muxes : 
	   2 Input      3 Bit        Muxes := 3     
	   4 Input      2 Bit        Muxes := 1     
	   2 Input      2 Bit        Muxes := 16    
	   4 Input      1 Bit        Muxes := 1     
	   2 Input      1 Bit        Muxes := 66    
Module circular_buffer__60 
Detailed RTL Component Info : 
+---Adders : 
	   2 Input      4 Bit       Adders := 1     
	   2 Input      3 Bit       Adders := 2     
+---Registers : 
	               22 Bit    Registers := 8     
	                4 Bit    Registers := 1     
	                3 Bit    Registers := 2     
	                2 Bit    Registers := 8     
	                1 Bit    Registers := 3     
+---Muxes : 
	   2 Input     22 Bit        Muxes := 7     
	   4 Input      4 Bit        Muxes := 1     
	   2 Input      3 Bit        Muxes := 2     
	   2 Input      2 Bit        Muxes := 7     
	   4 Input      1 Bit        Muxes := 5     
	   2 Input      1 Bit        Muxes := 1     
	   3 Input      1 Bit        Muxes := 1     
Module input_buffer__60 
Detailed RTL Component Info : 
+---Adders : 
	   2 Input      4 Bit       Adders := 1     
	   2 Input      3 Bit       Adders := 2     
+---Registers : 
	                4 Bit    Registers := 1     
	                3 Bit    Registers := 10    
	                2 Bit    Registers := 8     
	                1 Bit    Registers := 11    
+---Muxes : 
	   2 Input      3 Bit        Muxes := 3     
	   4 Input      2 Bit        Muxes := 1     
	   2 Input      2 Bit        Muxes := 16    
	   4 Input      1 Bit        Muxes := 1     
	   2 Input      1 Bit        Muxes := 66    
Module input_port__parameterized1 
Detailed RTL Component Info : 
+---Muxes : 
	   4 Input     22 Bit        Muxes := 1     
	   2 Input     22 Bit        Muxes := 3     
	   4 Input      2 Bit        Muxes := 2     
	   2 Input      2 Bit        Muxes := 3     
	   2 Input      1 Bit        Muxes := 1     
Module round_robin_arbiter__16 
Detailed RTL Component Info : 
+---Adders : 
	   2 Input      3 Bit       Adders := 3     
	   2 Input      2 Bit       Adders := 4     
+---Registers : 
	                2 Bit    Registers := 1     
+---Muxes : 
	   2 Input      2 Bit        Muxes := 2     
	   2 Input      1 Bit        Muxes := 3     
Module round_robin_arbiter__17 
Detailed RTL Component Info : 
+---Adders : 
	   2 Input      3 Bit       Adders := 3     
	   2 Input      2 Bit       Adders := 4     
+---Registers : 
	                2 Bit    Registers := 1     
+---Muxes : 
	   2 Input      2 Bit        Muxes := 2     
	   2 Input      1 Bit        Muxes := 3     
Module round_robin_arbiter__18 
Detailed RTL Component Info : 
+---Adders : 
	   2 Input      3 Bit       Adders := 3     
	   2 Input      2 Bit       Adders := 4     
+---Registers : 
	                2 Bit    Registers := 1     
+---Muxes : 
	   2 Input      2 Bit        Muxes := 2     
	   2 Input      1 Bit        Muxes := 3     
Module round_robin_arbiter__19 
Detailed RTL Component Info : 
+---Adders : 
	   2 Input      3 Bit       Adders := 3     
	   2 Input      2 Bit       Adders := 4     
+---Registers : 
	                2 Bit    Registers := 1     
+---Muxes : 
	   2 Input      2 Bit        Muxes := 2     
	   2 Input      1 Bit        Muxes := 3     
Module round_robin_arbiter__20 
Detailed RTL Component Info : 
+---Adders : 
	   2 Input      3 Bit       Adders := 3     
	   2 Input      2 Bit       Adders := 4     
+---Registers : 
	                2 Bit    Registers := 1     
+---Muxes : 
	   2 Input      2 Bit        Muxes := 2     
	   2 Input      1 Bit        Muxes := 3     
Module round_robin_arbiter__parameterized0__16 
Detailed RTL Component Info : 
+---Adders : 
	   2 Input      5 Bit       Adders := 4     
	   2 Input      4 Bit       Adders := 4     
+---Registers : 
	                3 Bit    Registers := 1     
+---Muxes : 
	   5 Input      1 Bit        Muxes := 1     
Module round_robin_arbiter__parameterized0__17 
Detailed RTL Component Info : 
+---Adders : 
	   2 Input      5 Bit       Adders := 4     
	   2 Input      4 Bit       Adders := 4     
+---Registers : 
	                3 Bit    Registers := 1     
+---Muxes : 
	   5 Input      1 Bit        Muxes := 1     
Module round_robin_arbiter__parameterized0__18 
Detailed RTL Component Info : 
+---Adders : 
	   2 Input      5 Bit       Adders := 4     
	   2 Input      4 Bit       Adders := 4     
+---Registers : 
	                3 Bit    Registers := 1     
+---Muxes : 
	   5 Input      1 Bit        Muxes := 1     
Module round_robin_arbiter__parameterized0__19 
Detailed RTL Component Info : 
+---Adders : 
	   2 Input      5 Bit       Adders := 4     
	   2 Input      4 Bit       Adders := 4     
+---Registers : 
	                3 Bit    Registers := 1     
+---Muxes : 
	   5 Input      1 Bit        Muxes := 1     
Module round_robin_arbiter__parameterized0__20 
Detailed RTL Component Info : 
+---Adders : 
	   2 Input      5 Bit       Adders := 4     
	   2 Input      4 Bit       Adders := 4     
+---Registers : 
	                3 Bit    Registers := 1     
+---Muxes : 
	   5 Input      1 Bit        Muxes := 1     
Module separable_input_first_allocator__4 
Detailed RTL Component Info : 
+---Muxes : 
	   2 Input      5 Bit        Muxes := 40    
	   2 Input      4 Bit        Muxes := 60    
	   5 Input      4 Bit        Muxes := 5     
	   2 Input      1 Bit        Muxes := 145   
	   3 Input      1 Bit        Muxes := 15    
Module switch_allocator__3 
Detailed RTL Component Info : 
+---Muxes : 
	   2 Input      5 Bit        Muxes := 19    
	   2 Input      4 Bit        Muxes := 5     
	   2 Input      3 Bit        Muxes := 158   
	   2 Input      2 Bit        Muxes := 10    
	   2 Input      1 Bit        Muxes := 29    
Module rc_unit__parameterized2__1 
Detailed RTL Component Info : 
+---Muxes : 
	   5 Input      3 Bit        Muxes := 1     
Module circular_buffer__67 
Detailed RTL Component Info : 
+---Adders : 
	   2 Input      4 Bit       Adders := 1     
	   2 Input      3 Bit       Adders := 2     
+---Registers : 
	               22 Bit    Registers := 8     
	                4 Bit    Registers := 1     
	                3 Bit    Registers := 2     
	                2 Bit    Registers := 8     
	                1 Bit    Registers := 3     
+---Muxes : 
	   2 Input     22 Bit        Muxes := 7     
	   4 Input      4 Bit        Muxes := 1     
	   2 Input      3 Bit        Muxes := 2     
	   2 Input      2 Bit        Muxes := 7     
	   4 Input      1 Bit        Muxes := 5     
	   2 Input      1 Bit        Muxes := 1     
	   3 Input      1 Bit        Muxes := 1     
Module input_buffer__67 
Detailed RTL Component Info : 
+---Adders : 
	   2 Input      4 Bit       Adders := 1     
	   2 Input      3 Bit       Adders := 2     
+---Registers : 
	                4 Bit    Registers := 1     
	                3 Bit    Registers := 10    
	                2 Bit    Registers := 8     
	                1 Bit    Registers := 11    
+---Muxes : 
	   2 Input      3 Bit        Muxes := 3     
	   4 Input      2 Bit        Muxes := 1     
	   2 Input      2 Bit        Muxes := 16    
	   4 Input      1 Bit        Muxes := 1     
	   2 Input      1 Bit        Muxes := 66    
Module circular_buffer__66 
Detailed RTL Component Info : 
+---Adders : 
	   2 Input      4 Bit       Adders := 1     
	   2 Input      3 Bit       Adders := 2     
+---Registers : 
	               22 Bit    Registers := 8     
	                4 Bit    Registers := 1     
	                3 Bit    Registers := 2     
	                2 Bit    Registers := 8     
	                1 Bit    Registers := 3     
+---Muxes : 
	   2 Input     22 Bit        Muxes := 7     
	   4 Input      4 Bit        Muxes := 1     
	   2 Input      3 Bit        Muxes := 2     
	   2 Input      2 Bit        Muxes := 7     
	   4 Input      1 Bit        Muxes := 5     
	   2 Input      1 Bit        Muxes := 1     
	   3 Input      1 Bit        Muxes := 1     
Module input_buffer__66 
Detailed RTL Component Info : 
+---Adders : 
	   2 Input      4 Bit       Adders := 1     
	   2 Input      3 Bit       Adders := 2     
+---Registers : 
	                4 Bit    Registers := 1     
	                3 Bit    Registers := 10    
	                2 Bit    Registers := 8     
	                1 Bit    Registers := 11    
+---Muxes : 
	   2 Input      3 Bit        Muxes := 3     
	   4 Input      2 Bit        Muxes := 1     
	   2 Input      2 Bit        Muxes := 16    
	   4 Input      1 Bit        Muxes := 1     
	   2 Input      1 Bit        Muxes := 66    
Module circular_buffer__65 
Detailed RTL Component Info : 
+---Adders : 
	   2 Input      4 Bit       Adders := 1     
	   2 Input      3 Bit       Adders := 2     
+---Registers : 
	               22 Bit    Registers := 8     
	                4 Bit    Registers := 1     
	                3 Bit    Registers := 2     
	                2 Bit    Registers := 8     
	                1 Bit    Registers := 3     
+---Muxes : 
	   2 Input     22 Bit        Muxes := 7     
	   4 Input      4 Bit        Muxes := 1     
	   2 Input      3 Bit        Muxes := 2     
	   2 Input      2 Bit        Muxes := 7     
	   4 Input      1 Bit        Muxes := 5     
	   2 Input      1 Bit        Muxes := 1     
	   3 Input      1 Bit        Muxes := 1     
Module input_buffer__65 
Detailed RTL Component Info : 
+---Adders : 
	   2 Input      4 Bit       Adders := 1     
	   2 Input      3 Bit       Adders := 2     
+---Registers : 
	                4 Bit    Registers := 1     
	                3 Bit    Registers := 10    
	                2 Bit    Registers := 8     
	                1 Bit    Registers := 11    
+---Muxes : 
	   2 Input      3 Bit        Muxes := 3     
	   4 Input      2 Bit        Muxes := 1     
	   2 Input      2 Bit        Muxes := 16    
	   4 Input      1 Bit        Muxes := 1     
	   2 Input      1 Bit        Muxes := 66    
Module circular_buffer__64 
Detailed RTL Component Info : 
+---Adders : 
	   2 Input      4 Bit       Adders := 1     
	   2 Input      3 Bit       Adders := 2     
+---Registers : 
	               22 Bit    Registers := 8     
	                4 Bit    Registers := 1     
	                3 Bit    Registers := 2     
	                2 Bit    Registers := 8     
	                1 Bit    Registers := 3     
+---Muxes : 
	   2 Input     22 Bit        Muxes := 7     
	   4 Input      4 Bit        Muxes := 1     
	   2 Input      3 Bit        Muxes := 2     
	   2 Input      2 Bit        Muxes := 7     
	   4 Input      1 Bit        Muxes := 5     
	   2 Input      1 Bit        Muxes := 1     
	   3 Input      1 Bit        Muxes := 1     
Module input_buffer__64 
Detailed RTL Component Info : 
+---Adders : 
	   2 Input      4 Bit       Adders := 1     
	   2 Input      3 Bit       Adders := 2     
+---Registers : 
	                4 Bit    Registers := 1     
	                3 Bit    Registers := 10    
	                2 Bit    Registers := 8     
	                1 Bit    Registers := 11    
+---Muxes : 
	   2 Input      3 Bit        Muxes := 3     
	   4 Input      2 Bit        Muxes := 1     
	   2 Input      2 Bit        Muxes := 16    
	   4 Input      1 Bit        Muxes := 1     
	   2 Input      1 Bit        Muxes := 66    
Module input_port__parameterized2__1 
Detailed RTL Component Info : 
+---Muxes : 
	   4 Input     22 Bit        Muxes := 1     
	   2 Input     22 Bit        Muxes := 3     
	   4 Input      2 Bit        Muxes := 2     
	   2 Input      2 Bit        Muxes := 3     
	   2 Input      1 Bit        Muxes := 1     
Module rc_unit__parameterized2__2 
Detailed RTL Component Info : 
+---Muxes : 
	   5 Input      3 Bit        Muxes := 1     
Module circular_buffer__71 
Detailed RTL Component Info : 
+---Adders : 
	   2 Input      4 Bit       Adders := 1     
	   2 Input      3 Bit       Adders := 2     
+---Registers : 
	               22 Bit    Registers := 8     
	                4 Bit    Registers := 1     
	                3 Bit    Registers := 2     
	                2 Bit    Registers := 8     
	                1 Bit    Registers := 3     
+---Muxes : 
	   2 Input     22 Bit        Muxes := 7     
	   4 Input      4 Bit        Muxes := 1     
	   2 Input      3 Bit        Muxes := 2     
	   2 Input      2 Bit        Muxes := 7     
	   4 Input      1 Bit        Muxes := 5     
	   2 Input      1 Bit        Muxes := 1     
	   3 Input      1 Bit        Muxes := 1     
Module input_buffer__71 
Detailed RTL Component Info : 
+---Adders : 
	   2 Input      4 Bit       Adders := 1     
	   2 Input      3 Bit       Adders := 2     
+---Registers : 
	                4 Bit    Registers := 1     
	                3 Bit    Registers := 10    
	                2 Bit    Registers := 8     
	                1 Bit    Registers := 11    
+---Muxes : 
	   2 Input      3 Bit        Muxes := 3     
	   4 Input      2 Bit        Muxes := 1     
	   2 Input      2 Bit        Muxes := 16    
	   4 Input      1 Bit        Muxes := 1     
	   2 Input      1 Bit        Muxes := 66    
Module circular_buffer__70 
Detailed RTL Component Info : 
+---Adders : 
	   2 Input      4 Bit       Adders := 1     
	   2 Input      3 Bit       Adders := 2     
+---Registers : 
	               22 Bit    Registers := 8     
	                4 Bit    Registers := 1     
	                3 Bit    Registers := 2     
	                2 Bit    Registers := 8     
	                1 Bit    Registers := 3     
+---Muxes : 
	   2 Input     22 Bit        Muxes := 7     
	   4 Input      4 Bit        Muxes := 1     
	   2 Input      3 Bit        Muxes := 2     
	   2 Input      2 Bit        Muxes := 7     
	   4 Input      1 Bit        Muxes := 5     
	   2 Input      1 Bit        Muxes := 1     
	   3 Input      1 Bit        Muxes := 1     
Module input_buffer__70 
Detailed RTL Component Info : 
+---Adders : 
	   2 Input      4 Bit       Adders := 1     
	   2 Input      3 Bit       Adders := 2     
+---Registers : 
	                4 Bit    Registers := 1     
	                3 Bit    Registers := 10    
	                2 Bit    Registers := 8     
	                1 Bit    Registers := 11    
+---Muxes : 
	   2 Input      3 Bit        Muxes := 3     
	   4 Input      2 Bit        Muxes := 1     
	   2 Input      2 Bit        Muxes := 16    
	   4 Input      1 Bit        Muxes := 1     
	   2 Input      1 Bit        Muxes := 66    
Module circular_buffer__69 
Detailed RTL Component Info : 
+---Adders : 
	   2 Input      4 Bit       Adders := 1     
	   2 Input      3 Bit       Adders := 2     
+---Registers : 
	               22 Bit    Registers := 8     
	                4 Bit    Registers := 1     
	                3 Bit    Registers := 2     
	                2 Bit    Registers := 8     
	                1 Bit    Registers := 3     
+---Muxes : 
	   2 Input     22 Bit        Muxes := 7     
	   4 Input      4 Bit        Muxes := 1     
	   2 Input      3 Bit        Muxes := 2     
	   2 Input      2 Bit        Muxes := 7     
	   4 Input      1 Bit        Muxes := 5     
	   2 Input      1 Bit        Muxes := 1     
	   3 Input      1 Bit        Muxes := 1     
Module input_buffer__69 
Detailed RTL Component Info : 
+---Adders : 
	   2 Input      4 Bit       Adders := 1     
	   2 Input      3 Bit       Adders := 2     
+---Registers : 
	                4 Bit    Registers := 1     
	                3 Bit    Registers := 10    
	                2 Bit    Registers := 8     
	                1 Bit    Registers := 11    
+---Muxes : 
	   2 Input      3 Bit        Muxes := 3     
	   4 Input      2 Bit        Muxes := 1     
	   2 Input      2 Bit        Muxes := 16    
	   4 Input      1 Bit        Muxes := 1     
	   2 Input      1 Bit        Muxes := 66    
Module circular_buffer__68 
Detailed RTL Component Info : 
+---Adders : 
	   2 Input      4 Bit       Adders := 1     
	   2 Input      3 Bit       Adders := 2     
+---Registers : 
	               22 Bit    Registers := 8     
	                4 Bit    Registers := 1     
	                3 Bit    Registers := 2     
	                2 Bit    Registers := 8     
	                1 Bit    Registers := 3     
+---Muxes : 
	   2 Input     22 Bit        Muxes := 7     
	   4 Input      4 Bit        Muxes := 1     
	   2 Input      3 Bit        Muxes := 2     
	   2 Input      2 Bit        Muxes := 7     
	   4 Input      1 Bit        Muxes := 5     
	   2 Input      1 Bit        Muxes := 1     
	   3 Input      1 Bit        Muxes := 1     
Module input_buffer__68 
Detailed RTL Component Info : 
+---Adders : 
	   2 Input      4 Bit       Adders := 1     
	   2 Input      3 Bit       Adders := 2     
+---Registers : 
	                4 Bit    Registers := 1     
	                3 Bit    Registers := 10    
	                2 Bit    Registers := 8     
	                1 Bit    Registers := 11    
+---Muxes : 
	   2 Input      3 Bit        Muxes := 3     
	   4 Input      2 Bit        Muxes := 1     
	   2 Input      2 Bit        Muxes := 16    
	   4 Input      1 Bit        Muxes := 1     
	   2 Input      1 Bit        Muxes := 66    
Module input_port__parameterized2__2 
Detailed RTL Component Info : 
+---Muxes : 
	   4 Input     22 Bit        Muxes := 1     
	   2 Input     22 Bit        Muxes := 3     
	   4 Input      2 Bit        Muxes := 2     
	   2 Input      2 Bit        Muxes := 3     
	   2 Input      1 Bit        Muxes := 1     
Module rc_unit__parameterized2__3 
Detailed RTL Component Info : 
+---Muxes : 
	   5 Input      3 Bit        Muxes := 1     
Module circular_buffer__75 
Detailed RTL Component Info : 
+---Adders : 
	   2 Input      4 Bit       Adders := 1     
	   2 Input      3 Bit       Adders := 2     
+---Registers : 
	               22 Bit    Registers := 8     
	                4 Bit    Registers := 1     
	                3 Bit    Registers := 2     
	                2 Bit    Registers := 8     
	                1 Bit    Registers := 3     
+---Muxes : 
	   2 Input     22 Bit        Muxes := 7     
	   4 Input      4 Bit        Muxes := 1     
	   2 Input      3 Bit        Muxes := 2     
	   2 Input      2 Bit        Muxes := 7     
	   4 Input      1 Bit        Muxes := 5     
	   2 Input      1 Bit        Muxes := 1     
	   3 Input      1 Bit        Muxes := 1     
Module input_buffer__75 
Detailed RTL Component Info : 
+---Adders : 
	   2 Input      4 Bit       Adders := 1     
	   2 Input      3 Bit       Adders := 2     
+---Registers : 
	                4 Bit    Registers := 1     
	                3 Bit    Registers := 10    
	                2 Bit    Registers := 8     
	                1 Bit    Registers := 11    
+---Muxes : 
	   2 Input      3 Bit        Muxes := 3     
	   4 Input      2 Bit        Muxes := 1     
	   2 Input      2 Bit        Muxes := 16    
	   4 Input      1 Bit        Muxes := 1     
	   2 Input      1 Bit        Muxes := 66    
Module circular_buffer__74 
Detailed RTL Component Info : 
+---Adders : 
	   2 Input      4 Bit       Adders := 1     
	   2 Input      3 Bit       Adders := 2     
+---Registers : 
	               22 Bit    Registers := 8     
	                4 Bit    Registers := 1     
	                3 Bit    Registers := 2     
	                2 Bit    Registers := 8     
	                1 Bit    Registers := 3     
+---Muxes : 
	   2 Input     22 Bit        Muxes := 7     
	   4 Input      4 Bit        Muxes := 1     
	   2 Input      3 Bit        Muxes := 2     
	   2 Input      2 Bit        Muxes := 7     
	   4 Input      1 Bit        Muxes := 5     
	   2 Input      1 Bit        Muxes := 1     
	   3 Input      1 Bit        Muxes := 1     
Module input_buffer__74 
Detailed RTL Component Info : 
+---Adders : 
	   2 Input      4 Bit       Adders := 1     
	   2 Input      3 Bit       Adders := 2     
+---Registers : 
	                4 Bit    Registers := 1     
	                3 Bit    Registers := 10    
	                2 Bit    Registers := 8     
	                1 Bit    Registers := 11    
+---Muxes : 
	   2 Input      3 Bit        Muxes := 3     
	   4 Input      2 Bit        Muxes := 1     
	   2 Input      2 Bit        Muxes := 16    
	   4 Input      1 Bit        Muxes := 1     
	   2 Input      1 Bit        Muxes := 66    
Module circular_buffer__73 
Detailed RTL Component Info : 
+---Adders : 
	   2 Input      4 Bit       Adders := 1     
	   2 Input      3 Bit       Adders := 2     
+---Registers : 
	               22 Bit    Registers := 8     
	                4 Bit    Registers := 1     
	                3 Bit    Registers := 2     
	                2 Bit    Registers := 8     
	                1 Bit    Registers := 3     
+---Muxes : 
	   2 Input     22 Bit        Muxes := 7     
	   4 Input      4 Bit        Muxes := 1     
	   2 Input      3 Bit        Muxes := 2     
	   2 Input      2 Bit        Muxes := 7     
	   4 Input      1 Bit        Muxes := 5     
	   2 Input      1 Bit        Muxes := 1     
	   3 Input      1 Bit        Muxes := 1     
Module input_buffer__73 
Detailed RTL Component Info : 
+---Adders : 
	   2 Input      4 Bit       Adders := 1     
	   2 Input      3 Bit       Adders := 2     
+---Registers : 
	                4 Bit    Registers := 1     
	                3 Bit    Registers := 10    
	                2 Bit    Registers := 8     
	                1 Bit    Registers := 11    
+---Muxes : 
	   2 Input      3 Bit        Muxes := 3     
	   4 Input      2 Bit        Muxes := 1     
	   2 Input      2 Bit        Muxes := 16    
	   4 Input      1 Bit        Muxes := 1     
	   2 Input      1 Bit        Muxes := 66    
Module circular_buffer__72 
Detailed RTL Component Info : 
+---Adders : 
	   2 Input      4 Bit       Adders := 1     
	   2 Input      3 Bit       Adders := 2     
+---Registers : 
	               22 Bit    Registers := 8     
	                4 Bit    Registers := 1     
	                3 Bit    Registers := 2     
	                2 Bit    Registers := 8     
	                1 Bit    Registers := 3     
+---Muxes : 
	   2 Input     22 Bit        Muxes := 7     
	   4 Input      4 Bit        Muxes := 1     
	   2 Input      3 Bit        Muxes := 2     
	   2 Input      2 Bit        Muxes := 7     
	   4 Input      1 Bit        Muxes := 5     
	   2 Input      1 Bit        Muxes := 1     
	   3 Input      1 Bit        Muxes := 1     
Module input_buffer__72 
Detailed RTL Component Info : 
+---Adders : 
	   2 Input      4 Bit       Adders := 1     
	   2 Input      3 Bit       Adders := 2     
+---Registers : 
	                4 Bit    Registers := 1     
	                3 Bit    Registers := 10    
	                2 Bit    Registers := 8     
	                1 Bit    Registers := 11    
+---Muxes : 
	   2 Input      3 Bit        Muxes := 3     
	   4 Input      2 Bit        Muxes := 1     
	   2 Input      2 Bit        Muxes := 16    
	   4 Input      1 Bit        Muxes := 1     
	   2 Input      1 Bit        Muxes := 66    
Module input_port__parameterized2__3 
Detailed RTL Component Info : 
+---Muxes : 
	   4 Input     22 Bit        Muxes := 1     
	   2 Input     22 Bit        Muxes := 3     
	   4 Input      2 Bit        Muxes := 2     
	   2 Input      2 Bit        Muxes := 3     
	   2 Input      1 Bit        Muxes := 1     
Module rc_unit__parameterized2__4 
Detailed RTL Component Info : 
+---Muxes : 
	   5 Input      3 Bit        Muxes := 1     
Module circular_buffer__79 
Detailed RTL Component Info : 
+---Adders : 
	   2 Input      4 Bit       Adders := 1     
	   2 Input      3 Bit       Adders := 2     
+---Registers : 
	               22 Bit    Registers := 8     
	                4 Bit    Registers := 1     
	                3 Bit    Registers := 2     
	                2 Bit    Registers := 8     
	                1 Bit    Registers := 3     
+---Muxes : 
	   2 Input     22 Bit        Muxes := 7     
	   4 Input      4 Bit        Muxes := 1     
	   2 Input      3 Bit        Muxes := 2     
	   2 Input      2 Bit        Muxes := 7     
	   4 Input      1 Bit        Muxes := 5     
	   2 Input      1 Bit        Muxes := 1     
	   3 Input      1 Bit        Muxes := 1     
Module input_buffer__79 
Detailed RTL Component Info : 
+---Adders : 
	   2 Input      4 Bit       Adders := 1     
	   2 Input      3 Bit       Adders := 2     
+---Registers : 
	                4 Bit    Registers := 1     
	                3 Bit    Registers := 10    
	                2 Bit    Registers := 8     
	                1 Bit    Registers := 11    
+---Muxes : 
	   2 Input      3 Bit        Muxes := 3     
	   4 Input      2 Bit        Muxes := 1     
	   2 Input      2 Bit        Muxes := 16    
	   4 Input      1 Bit        Muxes := 1     
	   2 Input      1 Bit        Muxes := 66    
Module circular_buffer__78 
Detailed RTL Component Info : 
+---Adders : 
	   2 Input      4 Bit       Adders := 1     
	   2 Input      3 Bit       Adders := 2     
+---Registers : 
	               22 Bit    Registers := 8     
	                4 Bit    Registers := 1     
	                3 Bit    Registers := 2     
	                2 Bit    Registers := 8     
	                1 Bit    Registers := 3     
+---Muxes : 
	   2 Input     22 Bit        Muxes := 7     
	   4 Input      4 Bit        Muxes := 1     
	   2 Input      3 Bit        Muxes := 2     
	   2 Input      2 Bit        Muxes := 7     
	   4 Input      1 Bit        Muxes := 5     
	   2 Input      1 Bit        Muxes := 1     
	   3 Input      1 Bit        Muxes := 1     
Module input_buffer__78 
Detailed RTL Component Info : 
+---Adders : 
	   2 Input      4 Bit       Adders := 1     
	   2 Input      3 Bit       Adders := 2     
+---Registers : 
	                4 Bit    Registers := 1     
	                3 Bit    Registers := 10    
	                2 Bit    Registers := 8     
	                1 Bit    Registers := 11    
+---Muxes : 
	   2 Input      3 Bit        Muxes := 3     
	   4 Input      2 Bit        Muxes := 1     
	   2 Input      2 Bit        Muxes := 16    
	   4 Input      1 Bit        Muxes := 1     
	   2 Input      1 Bit        Muxes := 66    
Module circular_buffer__77 
Detailed RTL Component Info : 
+---Adders : 
	   2 Input      4 Bit       Adders := 1     
	   2 Input      3 Bit       Adders := 2     
+---Registers : 
	               22 Bit    Registers := 8     
	                4 Bit    Registers := 1     
	                3 Bit    Registers := 2     
	                2 Bit    Registers := 8     
	                1 Bit    Registers := 3     
+---Muxes : 
	   2 Input     22 Bit        Muxes := 7     
	   4 Input      4 Bit        Muxes := 1     
	   2 Input      3 Bit        Muxes := 2     
	   2 Input      2 Bit        Muxes := 7     
	   4 Input      1 Bit        Muxes := 5     
	   2 Input      1 Bit        Muxes := 1     
	   3 Input      1 Bit        Muxes := 1     
Module input_buffer__77 
Detailed RTL Component Info : 
+---Adders : 
	   2 Input      4 Bit       Adders := 1     
	   2 Input      3 Bit       Adders := 2     
+---Registers : 
	                4 Bit    Registers := 1     
	                3 Bit    Registers := 10    
	                2 Bit    Registers := 8     
	                1 Bit    Registers := 11    
+---Muxes : 
	   2 Input      3 Bit        Muxes := 3     
	   4 Input      2 Bit        Muxes := 1     
	   2 Input      2 Bit        Muxes := 16    
	   4 Input      1 Bit        Muxes := 1     
	   2 Input      1 Bit        Muxes := 66    
Module circular_buffer__76 
Detailed RTL Component Info : 
+---Adders : 
	   2 Input      4 Bit       Adders := 1     
	   2 Input      3 Bit       Adders := 2     
+---Registers : 
	               22 Bit    Registers := 8     
	                4 Bit    Registers := 1     
	                3 Bit    Registers := 2     
	                2 Bit    Registers := 8     
	                1 Bit    Registers := 3     
+---Muxes : 
	   2 Input     22 Bit        Muxes := 7     
	   4 Input      4 Bit        Muxes := 1     
	   2 Input      3 Bit        Muxes := 2     
	   2 Input      2 Bit        Muxes := 7     
	   4 Input      1 Bit        Muxes := 5     
	   2 Input      1 Bit        Muxes := 1     
	   3 Input      1 Bit        Muxes := 1     
Module input_buffer__76 
Detailed RTL Component Info : 
+---Adders : 
	   2 Input      4 Bit       Adders := 1     
	   2 Input      3 Bit       Adders := 2     
+---Registers : 
	                4 Bit    Registers := 1     
	                3 Bit    Registers := 10    
	                2 Bit    Registers := 8     
	                1 Bit    Registers := 11    
+---Muxes : 
	   2 Input      3 Bit        Muxes := 3     
	   4 Input      2 Bit        Muxes := 1     
	   2 Input      2 Bit        Muxes := 16    
	   4 Input      1 Bit        Muxes := 1     
	   2 Input      1 Bit        Muxes := 66    
Module input_port__parameterized2__4 
Detailed RTL Component Info : 
+---Muxes : 
	   4 Input     22 Bit        Muxes := 1     
	   2 Input     22 Bit        Muxes := 3     
	   4 Input      2 Bit        Muxes := 2     
	   2 Input      2 Bit        Muxes := 3     
	   2 Input      1 Bit        Muxes := 1     
Module rc_unit__parameterized2 
Detailed RTL Component Info : 
+---Muxes : 
	   5 Input      3 Bit        Muxes := 1     
Module circular_buffer__61 
Detailed RTL Component Info : 
+---Adders : 
	   2 Input      4 Bit       Adders := 1     
	   2 Input      3 Bit       Adders := 2     
+---Registers : 
	               22 Bit    Registers := 8     
	                4 Bit    Registers := 1     
	                3 Bit    Registers := 2     
	                2 Bit    Registers := 8     
	                1 Bit    Registers := 3     
+---Muxes : 
	   2 Input     22 Bit        Muxes := 7     
	   4 Input      4 Bit        Muxes := 1     
	   2 Input      3 Bit        Muxes := 2     
	   2 Input      2 Bit        Muxes := 7     
	   4 Input      1 Bit        Muxes := 5     
	   2 Input      1 Bit        Muxes := 1     
	   3 Input      1 Bit        Muxes := 1     
Module input_buffer__61 
Detailed RTL Component Info : 
+---Adders : 
	   2 Input      4 Bit       Adders := 1     
	   2 Input      3 Bit       Adders := 2     
+---Registers : 
	                4 Bit    Registers := 1     
	                3 Bit    Registers := 10    
	                2 Bit    Registers := 8     
	                1 Bit    Registers := 11    
+---Muxes : 
	   2 Input      3 Bit        Muxes := 3     
	   4 Input      2 Bit        Muxes := 1     
	   2 Input      2 Bit        Muxes := 16    
	   4 Input      1 Bit        Muxes := 1     
	   2 Input      1 Bit        Muxes := 66    
Module circular_buffer__62 
Detailed RTL Component Info : 
+---Adders : 
	   2 Input      4 Bit       Adders := 1     
	   2 Input      3 Bit       Adders := 2     
+---Registers : 
	               22 Bit    Registers := 8     
	                4 Bit    Registers := 1     
	                3 Bit    Registers := 2     
	                2 Bit    Registers := 8     
	                1 Bit    Registers := 3     
+---Muxes : 
	   2 Input     22 Bit        Muxes := 7     
	   4 Input      4 Bit        Muxes := 1     
	   2 Input      3 Bit        Muxes := 2     
	   2 Input      2 Bit        Muxes := 7     
	   4 Input      1 Bit        Muxes := 5     
	   2 Input      1 Bit        Muxes := 1     
	   3 Input      1 Bit        Muxes := 1     
Module input_buffer__62 
Detailed RTL Component Info : 
+---Adders : 
	   2 Input      4 Bit       Adders := 1     
	   2 Input      3 Bit       Adders := 2     
+---Registers : 
	                4 Bit    Registers := 1     
	                3 Bit    Registers := 10    
	                2 Bit    Registers := 8     
	                1 Bit    Registers := 11    
+---Muxes : 
	   2 Input      3 Bit        Muxes := 3     
	   4 Input      2 Bit        Muxes := 1     
	   2 Input      2 Bit        Muxes := 16    
	   4 Input      1 Bit        Muxes := 1     
	   2 Input      1 Bit        Muxes := 66    
Module circular_buffer__63 
Detailed RTL Component Info : 
+---Adders : 
	   2 Input      4 Bit       Adders := 1     
	   2 Input      3 Bit       Adders := 2     
+---Registers : 
	               22 Bit    Registers := 8     
	                4 Bit    Registers := 1     
	                3 Bit    Registers := 2     
	                2 Bit    Registers := 8     
	                1 Bit    Registers := 3     
+---Muxes : 
	   2 Input     22 Bit        Muxes := 7     
	   4 Input      4 Bit        Muxes := 1     
	   2 Input      3 Bit        Muxes := 2     
	   2 Input      2 Bit        Muxes := 7     
	   4 Input      1 Bit        Muxes := 5     
	   2 Input      1 Bit        Muxes := 1     
	   3 Input      1 Bit        Muxes := 1     
Module input_buffer__63 
Detailed RTL Component Info : 
+---Adders : 
	   2 Input      4 Bit       Adders := 1     
	   2 Input      3 Bit       Adders := 2     
+---Registers : 
	                4 Bit    Registers := 1     
	                3 Bit    Registers := 10    
	                2 Bit    Registers := 8     
	                1 Bit    Registers := 11    
+---Muxes : 
	   2 Input      3 Bit        Muxes := 3     
	   4 Input      2 Bit        Muxes := 1     
	   2 Input      2 Bit        Muxes := 16    
	   4 Input      1 Bit        Muxes := 1     
	   2 Input      1 Bit        Muxes := 66    
Module circular_buffer__80 
Detailed RTL Component Info : 
+---Adders : 
	   2 Input      4 Bit       Adders := 1     
	   2 Input      3 Bit       Adders := 2     
+---Registers : 
	               22 Bit    Registers := 8     
	                4 Bit    Registers := 1     
	                3 Bit    Registers := 2     
	                2 Bit    Registers := 8     
	                1 Bit    Registers := 3     
+---Muxes : 
	   2 Input     22 Bit        Muxes := 7     
	   4 Input      4 Bit        Muxes := 1     
	   2 Input      3 Bit        Muxes := 2     
	   2 Input      2 Bit        Muxes := 7     
	   4 Input      1 Bit        Muxes := 5     
	   2 Input      1 Bit        Muxes := 1     
	   3 Input      1 Bit        Muxes := 1     
Module input_buffer__80 
Detailed RTL Component Info : 
+---Adders : 
	   2 Input      4 Bit       Adders := 1     
	   2 Input      3 Bit       Adders := 2     
+---Registers : 
	                4 Bit    Registers := 1     
	                3 Bit    Registers := 10    
	                2 Bit    Registers := 8     
	                1 Bit    Registers := 11    
+---Muxes : 
	   2 Input      3 Bit        Muxes := 3     
	   4 Input      2 Bit        Muxes := 1     
	   2 Input      2 Bit        Muxes := 16    
	   4 Input      1 Bit        Muxes := 1     
	   2 Input      1 Bit        Muxes := 66    
Module input_port__parameterized2 
Detailed RTL Component Info : 
+---Muxes : 
	   4 Input     22 Bit        Muxes := 1     
	   2 Input     22 Bit        Muxes := 3     
	   4 Input      2 Bit        Muxes := 2     
	   2 Input      2 Bit        Muxes := 3     
	   2 Input      1 Bit        Muxes := 1     
Module round_robin_arbiter__21 
Detailed RTL Component Info : 
+---Adders : 
	   2 Input      3 Bit       Adders := 3     
	   2 Input      2 Bit       Adders := 4     
+---Registers : 
	                2 Bit    Registers := 1     
+---Muxes : 
	   2 Input      2 Bit        Muxes := 2     
	   2 Input      1 Bit        Muxes := 3     
Module round_robin_arbiter__22 
Detailed RTL Component Info : 
+---Adders : 
	   2 Input      3 Bit       Adders := 3     
	   2 Input      2 Bit       Adders := 4     
+---Registers : 
	                2 Bit    Registers := 1     
+---Muxes : 
	   2 Input      2 Bit        Muxes := 2     
	   2 Input      1 Bit        Muxes := 3     
Module round_robin_arbiter__23 
Detailed RTL Component Info : 
+---Adders : 
	   2 Input      3 Bit       Adders := 3     
	   2 Input      2 Bit       Adders := 4     
+---Registers : 
	                2 Bit    Registers := 1     
+---Muxes : 
	   2 Input      2 Bit        Muxes := 2     
	   2 Input      1 Bit        Muxes := 3     
Module round_robin_arbiter__24 
Detailed RTL Component Info : 
+---Adders : 
	   2 Input      3 Bit       Adders := 3     
	   2 Input      2 Bit       Adders := 4     
+---Registers : 
	                2 Bit    Registers := 1     
+---Muxes : 
	   2 Input      2 Bit        Muxes := 2     
	   2 Input      1 Bit        Muxes := 3     
Module round_robin_arbiter__25 
Detailed RTL Component Info : 
+---Adders : 
	   2 Input      3 Bit       Adders := 3     
	   2 Input      2 Bit       Adders := 4     
+---Registers : 
	                2 Bit    Registers := 1     
+---Muxes : 
	   2 Input      2 Bit        Muxes := 2     
	   2 Input      1 Bit        Muxes := 3     
Module round_robin_arbiter__parameterized0__21 
Detailed RTL Component Info : 
+---Adders : 
	   2 Input      5 Bit       Adders := 4     
	   2 Input      4 Bit       Adders := 4     
+---Registers : 
	                3 Bit    Registers := 1     
+---Muxes : 
	   5 Input      1 Bit        Muxes := 1     
Module round_robin_arbiter__parameterized0__22 
Detailed RTL Component Info : 
+---Adders : 
	   2 Input      5 Bit       Adders := 4     
	   2 Input      4 Bit       Adders := 4     
+---Registers : 
	                3 Bit    Registers := 1     
+---Muxes : 
	   5 Input      1 Bit        Muxes := 1     
Module round_robin_arbiter__parameterized0__23 
Detailed RTL Component Info : 
+---Adders : 
	   2 Input      5 Bit       Adders := 4     
	   2 Input      4 Bit       Adders := 4     
+---Registers : 
	                3 Bit    Registers := 1     
+---Muxes : 
	   5 Input      1 Bit        Muxes := 1     
Module round_robin_arbiter__parameterized0__24 
Detailed RTL Component Info : 
+---Adders : 
	   2 Input      5 Bit       Adders := 4     
	   2 Input      4 Bit       Adders := 4     
+---Registers : 
	                3 Bit    Registers := 1     
+---Muxes : 
	   5 Input      1 Bit        Muxes := 1     
Module round_robin_arbiter__parameterized0__25 
Detailed RTL Component Info : 
+---Adders : 
	   2 Input      5 Bit       Adders := 4     
	   2 Input      4 Bit       Adders := 4     
+---Registers : 
	                3 Bit    Registers := 1     
+---Muxes : 
	   5 Input      1 Bit        Muxes := 1     
Module separable_input_first_allocator__5 
Detailed RTL Component Info : 
+---Muxes : 
	   2 Input      5 Bit        Muxes := 40    
	   2 Input      4 Bit        Muxes := 60    
	   5 Input      4 Bit        Muxes := 5     
	   2 Input      1 Bit        Muxes := 145   
	   3 Input      1 Bit        Muxes := 15    
Module switch_allocator__4 
Detailed RTL Component Info : 
+---Muxes : 
	   2 Input      5 Bit        Muxes := 19    
	   2 Input      4 Bit        Muxes := 5     
	   2 Input      3 Bit        Muxes := 158   
	   2 Input      2 Bit        Muxes := 10    
	   2 Input      1 Bit        Muxes := 29    
Module circular_buffer__87 
Detailed RTL Component Info : 
+---Adders : 
	   2 Input      4 Bit       Adders := 1     
	   2 Input      3 Bit       Adders := 2     
+---Registers : 
	               22 Bit    Registers := 8     
	                4 Bit    Registers := 1     
	                3 Bit    Registers := 2     
	                2 Bit    Registers := 8     
	                1 Bit    Registers := 3     
+---Muxes : 
	   2 Input     22 Bit        Muxes := 7     
	   4 Input      4 Bit        Muxes := 1     
	   2 Input      3 Bit        Muxes := 2     
	   2 Input      2 Bit        Muxes := 7     
	   4 Input      1 Bit        Muxes := 5     
	   2 Input      1 Bit        Muxes := 1     
	   3 Input      1 Bit        Muxes := 1     
Module input_buffer__87 
Detailed RTL Component Info : 
+---Adders : 
	   2 Input      4 Bit       Adders := 1     
	   2 Input      3 Bit       Adders := 2     
+---Registers : 
	                4 Bit    Registers := 1     
	                3 Bit    Registers := 10    
	                2 Bit    Registers := 8     
	                1 Bit    Registers := 11    
+---Muxes : 
	   2 Input      3 Bit        Muxes := 3     
	   4 Input      2 Bit        Muxes := 1     
	   2 Input      2 Bit        Muxes := 16    
	   4 Input      1 Bit        Muxes := 1     
	   2 Input      1 Bit        Muxes := 66    
Module circular_buffer__86 
Detailed RTL Component Info : 
+---Adders : 
	   2 Input      4 Bit       Adders := 1     
	   2 Input      3 Bit       Adders := 2     
+---Registers : 
	               22 Bit    Registers := 8     
	                4 Bit    Registers := 1     
	                3 Bit    Registers := 2     
	                2 Bit    Registers := 8     
	                1 Bit    Registers := 3     
+---Muxes : 
	   2 Input     22 Bit        Muxes := 7     
	   4 Input      4 Bit        Muxes := 1     
	   2 Input      3 Bit        Muxes := 2     
	   2 Input      2 Bit        Muxes := 7     
	   4 Input      1 Bit        Muxes := 5     
	   2 Input      1 Bit        Muxes := 1     
	   3 Input      1 Bit        Muxes := 1     
Module input_buffer__86 
Detailed RTL Component Info : 
+---Adders : 
	   2 Input      4 Bit       Adders := 1     
	   2 Input      3 Bit       Adders := 2     
+---Registers : 
	                4 Bit    Registers := 1     
	                3 Bit    Registers := 10    
	                2 Bit    Registers := 8     
	                1 Bit    Registers := 11    
+---Muxes : 
	   2 Input      3 Bit        Muxes := 3     
	   4 Input      2 Bit        Muxes := 1     
	   2 Input      2 Bit        Muxes := 16    
	   4 Input      1 Bit        Muxes := 1     
	   2 Input      1 Bit        Muxes := 66    
Module circular_buffer__85 
Detailed RTL Component Info : 
+---Adders : 
	   2 Input      4 Bit       Adders := 1     
	   2 Input      3 Bit       Adders := 2     
+---Registers : 
	               22 Bit    Registers := 8     
	                4 Bit    Registers := 1     
	                3 Bit    Registers := 2     
	                2 Bit    Registers := 8     
	                1 Bit    Registers := 3     
+---Muxes : 
	   2 Input     22 Bit        Muxes := 7     
	   4 Input      4 Bit        Muxes := 1     
	   2 Input      3 Bit        Muxes := 2     
	   2 Input      2 Bit        Muxes := 7     
	   4 Input      1 Bit        Muxes := 5     
	   2 Input      1 Bit        Muxes := 1     
	   3 Input      1 Bit        Muxes := 1     
Module input_buffer__85 
Detailed RTL Component Info : 
+---Adders : 
	   2 Input      4 Bit       Adders := 1     
	   2 Input      3 Bit       Adders := 2     
+---Registers : 
	                4 Bit    Registers := 1     
	                3 Bit    Registers := 10    
	                2 Bit    Registers := 8     
	                1 Bit    Registers := 11    
+---Muxes : 
	   2 Input      3 Bit        Muxes := 3     
	   4 Input      2 Bit        Muxes := 1     
	   2 Input      2 Bit        Muxes := 16    
	   4 Input      1 Bit        Muxes := 1     
	   2 Input      1 Bit        Muxes := 66    
Module circular_buffer__84 
Detailed RTL Component Info : 
+---Adders : 
	   2 Input      4 Bit       Adders := 1     
	   2 Input      3 Bit       Adders := 2     
+---Registers : 
	               22 Bit    Registers := 8     
	                4 Bit    Registers := 1     
	                3 Bit    Registers := 2     
	                2 Bit    Registers := 8     
	                1 Bit    Registers := 3     
+---Muxes : 
	   2 Input     22 Bit        Muxes := 7     
	   4 Input      4 Bit        Muxes := 1     
	   2 Input      3 Bit        Muxes := 2     
	   2 Input      2 Bit        Muxes := 7     
	   4 Input      1 Bit        Muxes := 5     
	   2 Input      1 Bit        Muxes := 1     
	   3 Input      1 Bit        Muxes := 1     
Module input_buffer__84 
Detailed RTL Component Info : 
+---Adders : 
	   2 Input      4 Bit       Adders := 1     
	   2 Input      3 Bit       Adders := 2     
+---Registers : 
	                4 Bit    Registers := 1     
	                3 Bit    Registers := 10    
	                2 Bit    Registers := 8     
	                1 Bit    Registers := 11    
+---Muxes : 
	   2 Input      3 Bit        Muxes := 3     
	   4 Input      2 Bit        Muxes := 1     
	   2 Input      2 Bit        Muxes := 16    
	   4 Input      1 Bit        Muxes := 1     
	   2 Input      1 Bit        Muxes := 66    
Module input_port__parameterized3__1 
Detailed RTL Component Info : 
+---Muxes : 
	   4 Input     22 Bit        Muxes := 1     
	   2 Input     22 Bit        Muxes := 3     
	   4 Input      2 Bit        Muxes := 2     
	   2 Input      2 Bit        Muxes := 3     
	   2 Input      1 Bit        Muxes := 1     
Module circular_buffer__91 
Detailed RTL Component Info : 
+---Adders : 
	   2 Input      4 Bit       Adders := 1     
	   2 Input      3 Bit       Adders := 2     
+---Registers : 
	               22 Bit    Registers := 8     
	                4 Bit    Registers := 1     
	                3 Bit    Registers := 2     
	                2 Bit    Registers := 8     
	                1 Bit    Registers := 3     
+---Muxes : 
	   2 Input     22 Bit        Muxes := 7     
	   4 Input      4 Bit        Muxes := 1     
	   2 Input      3 Bit        Muxes := 2     
	   2 Input      2 Bit        Muxes := 7     
	   4 Input      1 Bit        Muxes := 5     
	   2 Input      1 Bit        Muxes := 1     
	   3 Input      1 Bit        Muxes := 1     
Module input_buffer__91 
Detailed RTL Component Info : 
+---Adders : 
	   2 Input      4 Bit       Adders := 1     
	   2 Input      3 Bit       Adders := 2     
+---Registers : 
	                4 Bit    Registers := 1     
	                3 Bit    Registers := 10    
	                2 Bit    Registers := 8     
	                1 Bit    Registers := 11    
+---Muxes : 
	   2 Input      3 Bit        Muxes := 3     
	   4 Input      2 Bit        Muxes := 1     
	   2 Input      2 Bit        Muxes := 16    
	   4 Input      1 Bit        Muxes := 1     
	   2 Input      1 Bit        Muxes := 66    
Module circular_buffer__90 
Detailed RTL Component Info : 
+---Adders : 
	   2 Input      4 Bit       Adders := 1     
	   2 Input      3 Bit       Adders := 2     
+---Registers : 
	               22 Bit    Registers := 8     
	                4 Bit    Registers := 1     
	                3 Bit    Registers := 2     
	                2 Bit    Registers := 8     
	                1 Bit    Registers := 3     
+---Muxes : 
	   2 Input     22 Bit        Muxes := 7     
	   4 Input      4 Bit        Muxes := 1     
	   2 Input      3 Bit        Muxes := 2     
	   2 Input      2 Bit        Muxes := 7     
	   4 Input      1 Bit        Muxes := 5     
	   2 Input      1 Bit        Muxes := 1     
	   3 Input      1 Bit        Muxes := 1     
Module input_buffer__90 
Detailed RTL Component Info : 
+---Adders : 
	   2 Input      4 Bit       Adders := 1     
	   2 Input      3 Bit       Adders := 2     
+---Registers : 
	                4 Bit    Registers := 1     
	                3 Bit    Registers := 10    
	                2 Bit    Registers := 8     
	                1 Bit    Registers := 11    
+---Muxes : 
	   2 Input      3 Bit        Muxes := 3     
	   4 Input      2 Bit        Muxes := 1     
	   2 Input      2 Bit        Muxes := 16    
	   4 Input      1 Bit        Muxes := 1     
	   2 Input      1 Bit        Muxes := 66    
Module circular_buffer__89 
Detailed RTL Component Info : 
+---Adders : 
	   2 Input      4 Bit       Adders := 1     
	   2 Input      3 Bit       Adders := 2     
+---Registers : 
	               22 Bit    Registers := 8     
	                4 Bit    Registers := 1     
	                3 Bit    Registers := 2     
	                2 Bit    Registers := 8     
	                1 Bit    Registers := 3     
+---Muxes : 
	   2 Input     22 Bit        Muxes := 7     
	   4 Input      4 Bit        Muxes := 1     
	   2 Input      3 Bit        Muxes := 2     
	   2 Input      2 Bit        Muxes := 7     
	   4 Input      1 Bit        Muxes := 5     
	   2 Input      1 Bit        Muxes := 1     
	   3 Input      1 Bit        Muxes := 1     
Module input_buffer__89 
Detailed RTL Component Info : 
+---Adders : 
	   2 Input      4 Bit       Adders := 1     
	   2 Input      3 Bit       Adders := 2     
+---Registers : 
	                4 Bit    Registers := 1     
	                3 Bit    Registers := 10    
	                2 Bit    Registers := 8     
	                1 Bit    Registers := 11    
+---Muxes : 
	   2 Input      3 Bit        Muxes := 3     
	   4 Input      2 Bit        Muxes := 1     
	   2 Input      2 Bit        Muxes := 16    
	   4 Input      1 Bit        Muxes := 1     
	   2 Input      1 Bit        Muxes := 66    
Module circular_buffer__88 
Detailed RTL Component Info : 
+---Adders : 
	   2 Input      4 Bit       Adders := 1     
	   2 Input      3 Bit       Adders := 2     
+---Registers : 
	               22 Bit    Registers := 8     
	                4 Bit    Registers := 1     
	                3 Bit    Registers := 2     
	                2 Bit    Registers := 8     
	                1 Bit    Registers := 3     
+---Muxes : 
	   2 Input     22 Bit        Muxes := 7     
	   4 Input      4 Bit        Muxes := 1     
	   2 Input      3 Bit        Muxes := 2     
	   2 Input      2 Bit        Muxes := 7     
	   4 Input      1 Bit        Muxes := 5     
	   2 Input      1 Bit        Muxes := 1     
	   3 Input      1 Bit        Muxes := 1     
Module input_buffer__88 
Detailed RTL Component Info : 
+---Adders : 
	   2 Input      4 Bit       Adders := 1     
	   2 Input      3 Bit       Adders := 2     
+---Registers : 
	                4 Bit    Registers := 1     
	                3 Bit    Registers := 10    
	                2 Bit    Registers := 8     
	                1 Bit    Registers := 11    
+---Muxes : 
	   2 Input      3 Bit        Muxes := 3     
	   4 Input      2 Bit        Muxes := 1     
	   2 Input      2 Bit        Muxes := 16    
	   4 Input      1 Bit        Muxes := 1     
	   2 Input      1 Bit        Muxes := 66    
Module input_port__parameterized3__2 
Detailed RTL Component Info : 
+---Muxes : 
	   4 Input     22 Bit        Muxes := 1     
	   2 Input     22 Bit        Muxes := 3     
	   4 Input      2 Bit        Muxes := 2     
	   2 Input      2 Bit        Muxes := 3     
	   2 Input      1 Bit        Muxes := 1     
Module circular_buffer__95 
Detailed RTL Component Info : 
+---Adders : 
	   2 Input      4 Bit       Adders := 1     
	   2 Input      3 Bit       Adders := 2     
+---Registers : 
	               22 Bit    Registers := 8     
	                4 Bit    Registers := 1     
	                3 Bit    Registers := 2     
	                2 Bit    Registers := 8     
	                1 Bit    Registers := 3     
+---Muxes : 
	   2 Input     22 Bit        Muxes := 7     
	   4 Input      4 Bit        Muxes := 1     
	   2 Input      3 Bit        Muxes := 2     
	   2 Input      2 Bit        Muxes := 7     
	   4 Input      1 Bit        Muxes := 5     
	   2 Input      1 Bit        Muxes := 1     
	   3 Input      1 Bit        Muxes := 1     
Module input_buffer__95 
Detailed RTL Component Info : 
+---Adders : 
	   2 Input      4 Bit       Adders := 1     
	   2 Input      3 Bit       Adders := 2     
+---Registers : 
	                4 Bit    Registers := 1     
	                3 Bit    Registers := 10    
	                2 Bit    Registers := 8     
	                1 Bit    Registers := 11    
+---Muxes : 
	   2 Input      3 Bit        Muxes := 3     
	   4 Input      2 Bit        Muxes := 1     
	   2 Input      2 Bit        Muxes := 16    
	   4 Input      1 Bit        Muxes := 1     
	   2 Input      1 Bit        Muxes := 66    
Module circular_buffer__94 
Detailed RTL Component Info : 
+---Adders : 
	   2 Input      4 Bit       Adders := 1     
	   2 Input      3 Bit       Adders := 2     
+---Registers : 
	               22 Bit    Registers := 8     
	                4 Bit    Registers := 1     
	                3 Bit    Registers := 2     
	                2 Bit    Registers := 8     
	                1 Bit    Registers := 3     
+---Muxes : 
	   2 Input     22 Bit        Muxes := 7     
	   4 Input      4 Bit        Muxes := 1     
	   2 Input      3 Bit        Muxes := 2     
	   2 Input      2 Bit        Muxes := 7     
	   4 Input      1 Bit        Muxes := 5     
	   2 Input      1 Bit        Muxes := 1     
	   3 Input      1 Bit        Muxes := 1     
Module input_buffer__94 
Detailed RTL Component Info : 
+---Adders : 
	   2 Input      4 Bit       Adders := 1     
	   2 Input      3 Bit       Adders := 2     
+---Registers : 
	                4 Bit    Registers := 1     
	                3 Bit    Registers := 10    
	                2 Bit    Registers := 8     
	                1 Bit    Registers := 11    
+---Muxes : 
	   2 Input      3 Bit        Muxes := 3     
	   4 Input      2 Bit        Muxes := 1     
	   2 Input      2 Bit        Muxes := 16    
	   4 Input      1 Bit        Muxes := 1     
	   2 Input      1 Bit        Muxes := 66    
Module circular_buffer__93 
Detailed RTL Component Info : 
+---Adders : 
	   2 Input      4 Bit       Adders := 1     
	   2 Input      3 Bit       Adders := 2     
+---Registers : 
	               22 Bit    Registers := 8     
	                4 Bit    Registers := 1     
	                3 Bit    Registers := 2     
	                2 Bit    Registers := 8     
	                1 Bit    Registers := 3     
+---Muxes : 
	   2 Input     22 Bit        Muxes := 7     
	   4 Input      4 Bit        Muxes := 1     
	   2 Input      3 Bit        Muxes := 2     
	   2 Input      2 Bit        Muxes := 7     
	   4 Input      1 Bit        Muxes := 5     
	   2 Input      1 Bit        Muxes := 1     
	   3 Input      1 Bit        Muxes := 1     
Module input_buffer__93 
Detailed RTL Component Info : 
+---Adders : 
	   2 Input      4 Bit       Adders := 1     
	   2 Input      3 Bit       Adders := 2     
+---Registers : 
	                4 Bit    Registers := 1     
	                3 Bit    Registers := 10    
	                2 Bit    Registers := 8     
	                1 Bit    Registers := 11    
+---Muxes : 
	   2 Input      3 Bit        Muxes := 3     
	   4 Input      2 Bit        Muxes := 1     
	   2 Input      2 Bit        Muxes := 16    
	   4 Input      1 Bit        Muxes := 1     
	   2 Input      1 Bit        Muxes := 66    
Module circular_buffer__92 
Detailed RTL Component Info : 
+---Adders : 
	   2 Input      4 Bit       Adders := 1     
	   2 Input      3 Bit       Adders := 2     
+---Registers : 
	               22 Bit    Registers := 8     
	                4 Bit    Registers := 1     
	                3 Bit    Registers := 2     
	                2 Bit    Registers := 8     
	                1 Bit    Registers := 3     
+---Muxes : 
	   2 Input     22 Bit        Muxes := 7     
	   4 Input      4 Bit        Muxes := 1     
	   2 Input      3 Bit        Muxes := 2     
	   2 Input      2 Bit        Muxes := 7     
	   4 Input      1 Bit        Muxes := 5     
	   2 Input      1 Bit        Muxes := 1     
	   3 Input      1 Bit        Muxes := 1     
Module input_buffer__92 
Detailed RTL Component Info : 
+---Adders : 
	   2 Input      4 Bit       Adders := 1     
	   2 Input      3 Bit       Adders := 2     
+---Registers : 
	                4 Bit    Registers := 1     
	                3 Bit    Registers := 10    
	                2 Bit    Registers := 8     
	                1 Bit    Registers := 11    
+---Muxes : 
	   2 Input      3 Bit        Muxes := 3     
	   4 Input      2 Bit        Muxes := 1     
	   2 Input      2 Bit        Muxes := 16    
	   4 Input      1 Bit        Muxes := 1     
	   2 Input      1 Bit        Muxes := 66    
Module input_port__parameterized3__3 
Detailed RTL Component Info : 
+---Muxes : 
	   4 Input     22 Bit        Muxes := 1     
	   2 Input     22 Bit        Muxes := 3     
	   4 Input      2 Bit        Muxes := 2     
	   2 Input      2 Bit        Muxes := 3     
	   2 Input      1 Bit        Muxes := 1     
Module circular_buffer__99 
Detailed RTL Component Info : 
+---Adders : 
	   2 Input      4 Bit       Adders := 1     
	   2 Input      3 Bit       Adders := 2     
+---Registers : 
	               22 Bit    Registers := 8     
	                4 Bit    Registers := 1     
	                3 Bit    Registers := 2     
	                2 Bit    Registers := 8     
	                1 Bit    Registers := 3     
+---Muxes : 
	   2 Input     22 Bit        Muxes := 7     
	   4 Input      4 Bit        Muxes := 1     
	   2 Input      3 Bit        Muxes := 2     
	   2 Input      2 Bit        Muxes := 7     
	   4 Input      1 Bit        Muxes := 5     
	   2 Input      1 Bit        Muxes := 1     
	   3 Input      1 Bit        Muxes := 1     
Module input_buffer__99 
Detailed RTL Component Info : 
+---Adders : 
	   2 Input      4 Bit       Adders := 1     
	   2 Input      3 Bit       Adders := 2     
+---Registers : 
	                4 Bit    Registers := 1     
	                3 Bit    Registers := 10    
	                2 Bit    Registers := 8     
	                1 Bit    Registers := 11    
+---Muxes : 
	   2 Input      3 Bit        Muxes := 3     
	   4 Input      2 Bit        Muxes := 1     
	   2 Input      2 Bit        Muxes := 16    
	   4 Input      1 Bit        Muxes := 1     
	   2 Input      1 Bit        Muxes := 66    
Module circular_buffer__98 
Detailed RTL Component Info : 
+---Adders : 
	   2 Input      4 Bit       Adders := 1     
	   2 Input      3 Bit       Adders := 2     
+---Registers : 
	               22 Bit    Registers := 8     
	                4 Bit    Registers := 1     
	                3 Bit    Registers := 2     
	                2 Bit    Registers := 8     
	                1 Bit    Registers := 3     
+---Muxes : 
	   2 Input     22 Bit        Muxes := 7     
	   4 Input      4 Bit        Muxes := 1     
	   2 Input      3 Bit        Muxes := 2     
	   2 Input      2 Bit        Muxes := 7     
	   4 Input      1 Bit        Muxes := 5     
	   2 Input      1 Bit        Muxes := 1     
	   3 Input      1 Bit        Muxes := 1     
Module input_buffer__98 
Detailed RTL Component Info : 
+---Adders : 
	   2 Input      4 Bit       Adders := 1     
	   2 Input      3 Bit       Adders := 2     
+---Registers : 
	                4 Bit    Registers := 1     
	                3 Bit    Registers := 10    
	                2 Bit    Registers := 8     
	                1 Bit    Registers := 11    
+---Muxes : 
	   2 Input      3 Bit        Muxes := 3     
	   4 Input      2 Bit        Muxes := 1     
	   2 Input      2 Bit        Muxes := 16    
	   4 Input      1 Bit        Muxes := 1     
	   2 Input      1 Bit        Muxes := 66    
Module circular_buffer__97 
Detailed RTL Component Info : 
+---Adders : 
	   2 Input      4 Bit       Adders := 1     
	   2 Input      3 Bit       Adders := 2     
+---Registers : 
	               22 Bit    Registers := 8     
	                4 Bit    Registers := 1     
	                3 Bit    Registers := 2     
	                2 Bit    Registers := 8     
	                1 Bit    Registers := 3     
+---Muxes : 
	   2 Input     22 Bit        Muxes := 7     
	   4 Input      4 Bit        Muxes := 1     
	   2 Input      3 Bit        Muxes := 2     
	   2 Input      2 Bit        Muxes := 7     
	   4 Input      1 Bit        Muxes := 5     
	   2 Input      1 Bit        Muxes := 1     
	   3 Input      1 Bit        Muxes := 1     
Module input_buffer__97 
Detailed RTL Component Info : 
+---Adders : 
	   2 Input      4 Bit       Adders := 1     
	   2 Input      3 Bit       Adders := 2     
+---Registers : 
	                4 Bit    Registers := 1     
	                3 Bit    Registers := 10    
	                2 Bit    Registers := 8     
	                1 Bit    Registers := 11    
+---Muxes : 
	   2 Input      3 Bit        Muxes := 3     
	   4 Input      2 Bit        Muxes := 1     
	   2 Input      2 Bit        Muxes := 16    
	   4 Input      1 Bit        Muxes := 1     
	   2 Input      1 Bit        Muxes := 66    
Module circular_buffer__96 
Detailed RTL Component Info : 
+---Adders : 
	   2 Input      4 Bit       Adders := 1     
	   2 Input      3 Bit       Adders := 2     
+---Registers : 
	               22 Bit    Registers := 8     
	                4 Bit    Registers := 1     
	                3 Bit    Registers := 2     
	                2 Bit    Registers := 8     
	                1 Bit    Registers := 3     
+---Muxes : 
	   2 Input     22 Bit        Muxes := 7     
	   4 Input      4 Bit        Muxes := 1     
	   2 Input      3 Bit        Muxes := 2     
	   2 Input      2 Bit        Muxes := 7     
	   4 Input      1 Bit        Muxes := 5     
	   2 Input      1 Bit        Muxes := 1     
	   3 Input      1 Bit        Muxes := 1     
Module input_buffer__96 
Detailed RTL Component Info : 
+---Adders : 
	   2 Input      4 Bit       Adders := 1     
	   2 Input      3 Bit       Adders := 2     
+---Registers : 
	                4 Bit    Registers := 1     
	                3 Bit    Registers := 10    
	                2 Bit    Registers := 8     
	                1 Bit    Registers := 11    
+---Muxes : 
	   2 Input      3 Bit        Muxes := 3     
	   4 Input      2 Bit        Muxes := 1     
	   2 Input      2 Bit        Muxes := 16    
	   4 Input      1 Bit        Muxes := 1     
	   2 Input      1 Bit        Muxes := 66    
Module input_port__parameterized3__4 
Detailed RTL Component Info : 
+---Muxes : 
	   4 Input     22 Bit        Muxes := 1     
	   2 Input     22 Bit        Muxes := 3     
	   4 Input      2 Bit        Muxes := 2     
	   2 Input      2 Bit        Muxes := 3     
	   2 Input      1 Bit        Muxes := 1     
Module circular_buffer__81 
Detailed RTL Component Info : 
+---Adders : 
	   2 Input      4 Bit       Adders := 1     
	   2 Input      3 Bit       Adders := 2     
+---Registers : 
	               22 Bit    Registers := 8     
	                4 Bit    Registers := 1     
	                3 Bit    Registers := 2     
	                2 Bit    Registers := 8     
	                1 Bit    Registers := 3     
+---Muxes : 
	   2 Input     22 Bit        Muxes := 7     
	   4 Input      4 Bit        Muxes := 1     
	   2 Input      3 Bit        Muxes := 2     
	   2 Input      2 Bit        Muxes := 7     
	   4 Input      1 Bit        Muxes := 5     
	   2 Input      1 Bit        Muxes := 1     
	   3 Input      1 Bit        Muxes := 1     
Module input_buffer__81 
Detailed RTL Component Info : 
+---Adders : 
	   2 Input      4 Bit       Adders := 1     
	   2 Input      3 Bit       Adders := 2     
+---Registers : 
	                4 Bit    Registers := 1     
	                3 Bit    Registers := 10    
	                2 Bit    Registers := 8     
	                1 Bit    Registers := 11    
+---Muxes : 
	   2 Input      3 Bit        Muxes := 3     
	   4 Input      2 Bit        Muxes := 1     
	   2 Input      2 Bit        Muxes := 16    
	   4 Input      1 Bit        Muxes := 1     
	   2 Input      1 Bit        Muxes := 66    
Module circular_buffer__82 
Detailed RTL Component Info : 
+---Adders : 
	   2 Input      4 Bit       Adders := 1     
	   2 Input      3 Bit       Adders := 2     
+---Registers : 
	               22 Bit    Registers := 8     
	                4 Bit    Registers := 1     
	                3 Bit    Registers := 2     
	                2 Bit    Registers := 8     
	                1 Bit    Registers := 3     
+---Muxes : 
	   2 Input     22 Bit        Muxes := 7     
	   4 Input      4 Bit        Muxes := 1     
	   2 Input      3 Bit        Muxes := 2     
	   2 Input      2 Bit        Muxes := 7     
	   4 Input      1 Bit        Muxes := 5     
	   2 Input      1 Bit        Muxes := 1     
	   3 Input      1 Bit        Muxes := 1     
Module input_buffer__82 
Detailed RTL Component Info : 
+---Adders : 
	   2 Input      4 Bit       Adders := 1     
	   2 Input      3 Bit       Adders := 2     
+---Registers : 
	                4 Bit    Registers := 1     
	                3 Bit    Registers := 10    
	                2 Bit    Registers := 8     
	                1 Bit    Registers := 11    
+---Muxes : 
	   2 Input      3 Bit        Muxes := 3     
	   4 Input      2 Bit        Muxes := 1     
	   2 Input      2 Bit        Muxes := 16    
	   4 Input      1 Bit        Muxes := 1     
	   2 Input      1 Bit        Muxes := 66    
Module circular_buffer__83 
Detailed RTL Component Info : 
+---Adders : 
	   2 Input      4 Bit       Adders := 1     
	   2 Input      3 Bit       Adders := 2     
+---Registers : 
	               22 Bit    Registers := 8     
	                4 Bit    Registers := 1     
	                3 Bit    Registers := 2     
	                2 Bit    Registers := 8     
	                1 Bit    Registers := 3     
+---Muxes : 
	   2 Input     22 Bit        Muxes := 7     
	   4 Input      4 Bit        Muxes := 1     
	   2 Input      3 Bit        Muxes := 2     
	   2 Input      2 Bit        Muxes := 7     
	   4 Input      1 Bit        Muxes := 5     
	   2 Input      1 Bit        Muxes := 1     
	   3 Input      1 Bit        Muxes := 1     
Module input_buffer__83 
Detailed RTL Component Info : 
+---Adders : 
	   2 Input      4 Bit       Adders := 1     
	   2 Input      3 Bit       Adders := 2     
+---Registers : 
	                4 Bit    Registers := 1     
	                3 Bit    Registers := 10    
	                2 Bit    Registers := 8     
	                1 Bit    Registers := 11    
+---Muxes : 
	   2 Input      3 Bit        Muxes := 3     
	   4 Input      2 Bit        Muxes := 1     
	   2 Input      2 Bit        Muxes := 16    
	   4 Input      1 Bit        Muxes := 1     
	   2 Input      1 Bit        Muxes := 66    
Module circular_buffer__100 
Detailed RTL Component Info : 
+---Adders : 
	   2 Input      4 Bit       Adders := 1     
	   2 Input      3 Bit       Adders := 2     
+---Registers : 
	               22 Bit    Registers := 8     
	                4 Bit    Registers := 1     
	                3 Bit    Registers := 2     
	                2 Bit    Registers := 8     
	                1 Bit    Registers := 3     
+---Muxes : 
	   2 Input     22 Bit        Muxes := 7     
	   4 Input      4 Bit        Muxes := 1     
	   2 Input      3 Bit        Muxes := 2     
	   2 Input      2 Bit        Muxes := 7     
	   4 Input      1 Bit        Muxes := 5     
	   2 Input      1 Bit        Muxes := 1     
	   3 Input      1 Bit        Muxes := 1     
Module input_buffer__100 
Detailed RTL Component Info : 
+---Adders : 
	   2 Input      4 Bit       Adders := 1     
	   2 Input      3 Bit       Adders := 2     
+---Registers : 
	                4 Bit    Registers := 1     
	                3 Bit    Registers := 10    
	                2 Bit    Registers := 8     
	                1 Bit    Registers := 11    
+---Muxes : 
	   2 Input      3 Bit        Muxes := 3     
	   4 Input      2 Bit        Muxes := 1     
	   2 Input      2 Bit        Muxes := 16    
	   4 Input      1 Bit        Muxes := 1     
	   2 Input      1 Bit        Muxes := 66    
Module input_port__parameterized3 
Detailed RTL Component Info : 
+---Muxes : 
	   4 Input     22 Bit        Muxes := 1     
	   2 Input     22 Bit        Muxes := 3     
	   4 Input      2 Bit        Muxes := 2     
	   2 Input      2 Bit        Muxes := 3     
	   2 Input      1 Bit        Muxes := 1     
Module round_robin_arbiter__26 
Detailed RTL Component Info : 
+---Adders : 
	   2 Input      3 Bit       Adders := 3     
	   2 Input      2 Bit       Adders := 4     
+---Registers : 
	                2 Bit    Registers := 1     
+---Muxes : 
	   2 Input      2 Bit        Muxes := 2     
	   2 Input      1 Bit        Muxes := 3     
Module round_robin_arbiter__27 
Detailed RTL Component Info : 
+---Adders : 
	   2 Input      3 Bit       Adders := 3     
	   2 Input      2 Bit       Adders := 4     
+---Registers : 
	                2 Bit    Registers := 1     
+---Muxes : 
	   2 Input      2 Bit        Muxes := 2     
	   2 Input      1 Bit        Muxes := 3     
Module round_robin_arbiter__28 
Detailed RTL Component Info : 
+---Adders : 
	   2 Input      3 Bit       Adders := 3     
	   2 Input      2 Bit       Adders := 4     
+---Registers : 
	                2 Bit    Registers := 1     
+---Muxes : 
	   2 Input      2 Bit        Muxes := 2     
	   2 Input      1 Bit        Muxes := 3     
Module round_robin_arbiter__29 
Detailed RTL Component Info : 
+---Adders : 
	   2 Input      3 Bit       Adders := 3     
	   2 Input      2 Bit       Adders := 4     
+---Registers : 
	                2 Bit    Registers := 1     
+---Muxes : 
	   2 Input      2 Bit        Muxes := 2     
	   2 Input      1 Bit        Muxes := 3     
Module round_robin_arbiter__30 
Detailed RTL Component Info : 
+---Adders : 
	   2 Input      3 Bit       Adders := 3     
	   2 Input      2 Bit       Adders := 4     
+---Registers : 
	                2 Bit    Registers := 1     
+---Muxes : 
	   2 Input      2 Bit        Muxes := 2     
	   2 Input      1 Bit        Muxes := 3     
Module round_robin_arbiter__parameterized0__26 
Detailed RTL Component Info : 
+---Adders : 
	   2 Input      5 Bit       Adders := 4     
	   2 Input      4 Bit       Adders := 4     
+---Registers : 
	                3 Bit    Registers := 1     
+---Muxes : 
	   5 Input      1 Bit        Muxes := 1     
Module round_robin_arbiter__parameterized0__27 
Detailed RTL Component Info : 
+---Adders : 
	   2 Input      5 Bit       Adders := 4     
	   2 Input      4 Bit       Adders := 4     
+---Registers : 
	                3 Bit    Registers := 1     
+---Muxes : 
	   5 Input      1 Bit        Muxes := 1     
Module round_robin_arbiter__parameterized0__28 
Detailed RTL Component Info : 
+---Adders : 
	   2 Input      5 Bit       Adders := 4     
	   2 Input      4 Bit       Adders := 4     
+---Registers : 
	                3 Bit    Registers := 1     
+---Muxes : 
	   5 Input      1 Bit        Muxes := 1     
Module round_robin_arbiter__parameterized0__29 
Detailed RTL Component Info : 
+---Adders : 
	   2 Input      5 Bit       Adders := 4     
	   2 Input      4 Bit       Adders := 4     
+---Registers : 
	                3 Bit    Registers := 1     
+---Muxes : 
	   5 Input      1 Bit        Muxes := 1     
Module round_robin_arbiter__parameterized0__30 
Detailed RTL Component Info : 
+---Adders : 
	   2 Input      5 Bit       Adders := 4     
	   2 Input      4 Bit       Adders := 4     
+---Registers : 
	                3 Bit    Registers := 1     
+---Muxes : 
	   5 Input      1 Bit        Muxes := 1     
Module separable_input_first_allocator__6 
Detailed RTL Component Info : 
+---Muxes : 
	   2 Input      5 Bit        Muxes := 40    
	   2 Input      4 Bit        Muxes := 60    
	   5 Input      4 Bit        Muxes := 5     
	   2 Input      1 Bit        Muxes := 145   
	   3 Input      1 Bit        Muxes := 15    
Module switch_allocator__5 
Detailed RTL Component Info : 
+---Muxes : 
	   2 Input      5 Bit        Muxes := 19    
	   2 Input      4 Bit        Muxes := 5     
	   2 Input      3 Bit        Muxes := 158   
	   2 Input      2 Bit        Muxes := 10    
	   2 Input      1 Bit        Muxes := 29    
Module rc_unit__parameterized4__1 
Detailed RTL Component Info : 
+---Muxes : 
	   5 Input      3 Bit        Muxes := 1     
Module circular_buffer__107 
Detailed RTL Component Info : 
+---Adders : 
	   2 Input      4 Bit       Adders := 1     
	   2 Input      3 Bit       Adders := 2     
+---Registers : 
	               22 Bit    Registers := 8     
	                4 Bit    Registers := 1     
	                3 Bit    Registers := 2     
	                2 Bit    Registers := 8     
	                1 Bit    Registers := 3     
+---Muxes : 
	   2 Input     22 Bit        Muxes := 7     
	   4 Input      4 Bit        Muxes := 1     
	   2 Input      3 Bit        Muxes := 2     
	   2 Input      2 Bit        Muxes := 7     
	   4 Input      1 Bit        Muxes := 5     
	   2 Input      1 Bit        Muxes := 1     
	   3 Input      1 Bit        Muxes := 1     
Module input_buffer__107 
Detailed RTL Component Info : 
+---Adders : 
	   2 Input      4 Bit       Adders := 1     
	   2 Input      3 Bit       Adders := 2     
+---Registers : 
	                4 Bit    Registers := 1     
	                3 Bit    Registers := 10    
	                2 Bit    Registers := 8     
	                1 Bit    Registers := 11    
+---Muxes : 
	   2 Input      3 Bit        Muxes := 3     
	   4 Input      2 Bit        Muxes := 1     
	   2 Input      2 Bit        Muxes := 16    
	   4 Input      1 Bit        Muxes := 1     
	   2 Input      1 Bit        Muxes := 66    
Module circular_buffer__106 
Detailed RTL Component Info : 
+---Adders : 
	   2 Input      4 Bit       Adders := 1     
	   2 Input      3 Bit       Adders := 2     
+---Registers : 
	               22 Bit    Registers := 8     
	                4 Bit    Registers := 1     
	                3 Bit    Registers := 2     
	                2 Bit    Registers := 8     
	                1 Bit    Registers := 3     
+---Muxes : 
	   2 Input     22 Bit        Muxes := 7     
	   4 Input      4 Bit        Muxes := 1     
	   2 Input      3 Bit        Muxes := 2     
	   2 Input      2 Bit        Muxes := 7     
	   4 Input      1 Bit        Muxes := 5     
	   2 Input      1 Bit        Muxes := 1     
	   3 Input      1 Bit        Muxes := 1     
Module input_buffer__106 
Detailed RTL Component Info : 
+---Adders : 
	   2 Input      4 Bit       Adders := 1     
	   2 Input      3 Bit       Adders := 2     
+---Registers : 
	                4 Bit    Registers := 1     
	                3 Bit    Registers := 10    
	                2 Bit    Registers := 8     
	                1 Bit    Registers := 11    
+---Muxes : 
	   2 Input      3 Bit        Muxes := 3     
	   4 Input      2 Bit        Muxes := 1     
	   2 Input      2 Bit        Muxes := 16    
	   4 Input      1 Bit        Muxes := 1     
	   2 Input      1 Bit        Muxes := 66    
Module circular_buffer__105 
Detailed RTL Component Info : 
+---Adders : 
	   2 Input      4 Bit       Adders := 1     
	   2 Input      3 Bit       Adders := 2     
+---Registers : 
	               22 Bit    Registers := 8     
	                4 Bit    Registers := 1     
	                3 Bit    Registers := 2     
	                2 Bit    Registers := 8     
	                1 Bit    Registers := 3     
+---Muxes : 
	   2 Input     22 Bit        Muxes := 7     
	   4 Input      4 Bit        Muxes := 1     
	   2 Input      3 Bit        Muxes := 2     
	   2 Input      2 Bit        Muxes := 7     
	   4 Input      1 Bit        Muxes := 5     
	   2 Input      1 Bit        Muxes := 1     
	   3 Input      1 Bit        Muxes := 1     
Module input_buffer__105 
Detailed RTL Component Info : 
+---Adders : 
	   2 Input      4 Bit       Adders := 1     
	   2 Input      3 Bit       Adders := 2     
+---Registers : 
	                4 Bit    Registers := 1     
	                3 Bit    Registers := 10    
	                2 Bit    Registers := 8     
	                1 Bit    Registers := 11    
+---Muxes : 
	   2 Input      3 Bit        Muxes := 3     
	   4 Input      2 Bit        Muxes := 1     
	   2 Input      2 Bit        Muxes := 16    
	   4 Input      1 Bit        Muxes := 1     
	   2 Input      1 Bit        Muxes := 66    
Module circular_buffer__104 
Detailed RTL Component Info : 
+---Adders : 
	   2 Input      4 Bit       Adders := 1     
	   2 Input      3 Bit       Adders := 2     
+---Registers : 
	               22 Bit    Registers := 8     
	                4 Bit    Registers := 1     
	                3 Bit    Registers := 2     
	                2 Bit    Registers := 8     
	                1 Bit    Registers := 3     
+---Muxes : 
	   2 Input     22 Bit        Muxes := 7     
	   4 Input      4 Bit        Muxes := 1     
	   2 Input      3 Bit        Muxes := 2     
	   2 Input      2 Bit        Muxes := 7     
	   4 Input      1 Bit        Muxes := 5     
	   2 Input      1 Bit        Muxes := 1     
	   3 Input      1 Bit        Muxes := 1     
Module input_buffer__104 
Detailed RTL Component Info : 
+---Adders : 
	   2 Input      4 Bit       Adders := 1     
	   2 Input      3 Bit       Adders := 2     
+---Registers : 
	                4 Bit    Registers := 1     
	                3 Bit    Registers := 10    
	                2 Bit    Registers := 8     
	                1 Bit    Registers := 11    
+---Muxes : 
	   2 Input      3 Bit        Muxes := 3     
	   4 Input      2 Bit        Muxes := 1     
	   2 Input      2 Bit        Muxes := 16    
	   4 Input      1 Bit        Muxes := 1     
	   2 Input      1 Bit        Muxes := 66    
Module input_port__parameterized4__1 
Detailed RTL Component Info : 
+---Muxes : 
	   4 Input     22 Bit        Muxes := 1     
	   2 Input     22 Bit        Muxes := 3     
	   4 Input      2 Bit        Muxes := 2     
	   2 Input      2 Bit        Muxes := 3     
	   2 Input      1 Bit        Muxes := 1     
Module rc_unit__parameterized4__2 
Detailed RTL Component Info : 
+---Muxes : 
	   5 Input      3 Bit        Muxes := 1     
Module circular_buffer__111 
Detailed RTL Component Info : 
+---Adders : 
	   2 Input      4 Bit       Adders := 1     
	   2 Input      3 Bit       Adders := 2     
+---Registers : 
	               22 Bit    Registers := 8     
	                4 Bit    Registers := 1     
	                3 Bit    Registers := 2     
	                2 Bit    Registers := 8     
	                1 Bit    Registers := 3     
+---Muxes : 
	   2 Input     22 Bit        Muxes := 7     
	   4 Input      4 Bit        Muxes := 1     
	   2 Input      3 Bit        Muxes := 2     
	   2 Input      2 Bit        Muxes := 7     
	   4 Input      1 Bit        Muxes := 5     
	   2 Input      1 Bit        Muxes := 1     
	   3 Input      1 Bit        Muxes := 1     
Module input_buffer__111 
Detailed RTL Component Info : 
+---Adders : 
	   2 Input      4 Bit       Adders := 1     
	   2 Input      3 Bit       Adders := 2     
+---Registers : 
	                4 Bit    Registers := 1     
	                3 Bit    Registers := 10    
	                2 Bit    Registers := 8     
	                1 Bit    Registers := 11    
+---Muxes : 
	   2 Input      3 Bit        Muxes := 3     
	   4 Input      2 Bit        Muxes := 1     
	   2 Input      2 Bit        Muxes := 16    
	   4 Input      1 Bit        Muxes := 1     
	   2 Input      1 Bit        Muxes := 66    
Module circular_buffer__110 
Detailed RTL Component Info : 
+---Adders : 
	   2 Input      4 Bit       Adders := 1     
	   2 Input      3 Bit       Adders := 2     
+---Registers : 
	               22 Bit    Registers := 8     
	                4 Bit    Registers := 1     
	                3 Bit    Registers := 2     
	                2 Bit    Registers := 8     
	                1 Bit    Registers := 3     
+---Muxes : 
	   2 Input     22 Bit        Muxes := 7     
	   4 Input      4 Bit        Muxes := 1     
	   2 Input      3 Bit        Muxes := 2     
	   2 Input      2 Bit        Muxes := 7     
	   4 Input      1 Bit        Muxes := 5     
	   2 Input      1 Bit        Muxes := 1     
	   3 Input      1 Bit        Muxes := 1     
Module input_buffer__110 
Detailed RTL Component Info : 
+---Adders : 
	   2 Input      4 Bit       Adders := 1     
	   2 Input      3 Bit       Adders := 2     
+---Registers : 
	                4 Bit    Registers := 1     
	                3 Bit    Registers := 10    
	                2 Bit    Registers := 8     
	                1 Bit    Registers := 11    
+---Muxes : 
	   2 Input      3 Bit        Muxes := 3     
	   4 Input      2 Bit        Muxes := 1     
	   2 Input      2 Bit        Muxes := 16    
	   4 Input      1 Bit        Muxes := 1     
	   2 Input      1 Bit        Muxes := 66    
Module circular_buffer__109 
Detailed RTL Component Info : 
+---Adders : 
	   2 Input      4 Bit       Adders := 1     
	   2 Input      3 Bit       Adders := 2     
+---Registers : 
	               22 Bit    Registers := 8     
	                4 Bit    Registers := 1     
	                3 Bit    Registers := 2     
	                2 Bit    Registers := 8     
	                1 Bit    Registers := 3     
+---Muxes : 
	   2 Input     22 Bit        Muxes := 7     
	   4 Input      4 Bit        Muxes := 1     
	   2 Input      3 Bit        Muxes := 2     
	   2 Input      2 Bit        Muxes := 7     
	   4 Input      1 Bit        Muxes := 5     
	   2 Input      1 Bit        Muxes := 1     
	   3 Input      1 Bit        Muxes := 1     
Module input_buffer__109 
Detailed RTL Component Info : 
+---Adders : 
	   2 Input      4 Bit       Adders := 1     
	   2 Input      3 Bit       Adders := 2     
+---Registers : 
	                4 Bit    Registers := 1     
	                3 Bit    Registers := 10    
	                2 Bit    Registers := 8     
	                1 Bit    Registers := 11    
+---Muxes : 
	   2 Input      3 Bit        Muxes := 3     
	   4 Input      2 Bit        Muxes := 1     
	   2 Input      2 Bit        Muxes := 16    
	   4 Input      1 Bit        Muxes := 1     
	   2 Input      1 Bit        Muxes := 66    
Module circular_buffer__108 
Detailed RTL Component Info : 
+---Adders : 
	   2 Input      4 Bit       Adders := 1     
	   2 Input      3 Bit       Adders := 2     
+---Registers : 
	               22 Bit    Registers := 8     
	                4 Bit    Registers := 1     
	                3 Bit    Registers := 2     
	                2 Bit    Registers := 8     
	                1 Bit    Registers := 3     
+---Muxes : 
	   2 Input     22 Bit        Muxes := 7     
	   4 Input      4 Bit        Muxes := 1     
	   2 Input      3 Bit        Muxes := 2     
	   2 Input      2 Bit        Muxes := 7     
	   4 Input      1 Bit        Muxes := 5     
	   2 Input      1 Bit        Muxes := 1     
	   3 Input      1 Bit        Muxes := 1     
Module input_buffer__108 
Detailed RTL Component Info : 
+---Adders : 
	   2 Input      4 Bit       Adders := 1     
	   2 Input      3 Bit       Adders := 2     
+---Registers : 
	                4 Bit    Registers := 1     
	                3 Bit    Registers := 10    
	                2 Bit    Registers := 8     
	                1 Bit    Registers := 11    
+---Muxes : 
	   2 Input      3 Bit        Muxes := 3     
	   4 Input      2 Bit        Muxes := 1     
	   2 Input      2 Bit        Muxes := 16    
	   4 Input      1 Bit        Muxes := 1     
	   2 Input      1 Bit        Muxes := 66    
Module input_port__parameterized4__2 
Detailed RTL Component Info : 
+---Muxes : 
	   4 Input     22 Bit        Muxes := 1     
	   2 Input     22 Bit        Muxes := 3     
	   4 Input      2 Bit        Muxes := 2     
	   2 Input      2 Bit        Muxes := 3     
	   2 Input      1 Bit        Muxes := 1     
Module rc_unit__parameterized4__3 
Detailed RTL Component Info : 
+---Muxes : 
	   5 Input      3 Bit        Muxes := 1     
Module circular_buffer__115 
Detailed RTL Component Info : 
+---Adders : 
	   2 Input      4 Bit       Adders := 1     
	   2 Input      3 Bit       Adders := 2     
+---Registers : 
	               22 Bit    Registers := 8     
	                4 Bit    Registers := 1     
	                3 Bit    Registers := 2     
	                2 Bit    Registers := 8     
	                1 Bit    Registers := 3     
+---Muxes : 
	   2 Input     22 Bit        Muxes := 7     
	   4 Input      4 Bit        Muxes := 1     
	   2 Input      3 Bit        Muxes := 2     
	   2 Input      2 Bit        Muxes := 7     
	   4 Input      1 Bit        Muxes := 5     
	   2 Input      1 Bit        Muxes := 1     
	   3 Input      1 Bit        Muxes := 1     
Module input_buffer__115 
Detailed RTL Component Info : 
+---Adders : 
	   2 Input      4 Bit       Adders := 1     
	   2 Input      3 Bit       Adders := 2     
+---Registers : 
	                4 Bit    Registers := 1     
	                3 Bit    Registers := 10    
	                2 Bit    Registers := 8     
	                1 Bit    Registers := 11    
+---Muxes : 
	   2 Input      3 Bit        Muxes := 3     
	   4 Input      2 Bit        Muxes := 1     
	   2 Input      2 Bit        Muxes := 16    
	   4 Input      1 Bit        Muxes := 1     
	   2 Input      1 Bit        Muxes := 66    
Module circular_buffer__114 
Detailed RTL Component Info : 
+---Adders : 
	   2 Input      4 Bit       Adders := 1     
	   2 Input      3 Bit       Adders := 2     
+---Registers : 
	               22 Bit    Registers := 8     
	                4 Bit    Registers := 1     
	                3 Bit    Registers := 2     
	                2 Bit    Registers := 8     
	                1 Bit    Registers := 3     
+---Muxes : 
	   2 Input     22 Bit        Muxes := 7     
	   4 Input      4 Bit        Muxes := 1     
	   2 Input      3 Bit        Muxes := 2     
	   2 Input      2 Bit        Muxes := 7     
	   4 Input      1 Bit        Muxes := 5     
	   2 Input      1 Bit        Muxes := 1     
	   3 Input      1 Bit        Muxes := 1     
Module input_buffer__114 
Detailed RTL Component Info : 
+---Adders : 
	   2 Input      4 Bit       Adders := 1     
	   2 Input      3 Bit       Adders := 2     
+---Registers : 
	                4 Bit    Registers := 1     
	                3 Bit    Registers := 10    
	                2 Bit    Registers := 8     
	                1 Bit    Registers := 11    
+---Muxes : 
	   2 Input      3 Bit        Muxes := 3     
	   4 Input      2 Bit        Muxes := 1     
	   2 Input      2 Bit        Muxes := 16    
	   4 Input      1 Bit        Muxes := 1     
	   2 Input      1 Bit        Muxes := 66    
Module circular_buffer__113 
Detailed RTL Component Info : 
+---Adders : 
	   2 Input      4 Bit       Adders := 1     
	   2 Input      3 Bit       Adders := 2     
+---Registers : 
	               22 Bit    Registers := 8     
	                4 Bit    Registers := 1     
	                3 Bit    Registers := 2     
	                2 Bit    Registers := 8     
	                1 Bit    Registers := 3     
+---Muxes : 
	   2 Input     22 Bit        Muxes := 7     
	   4 Input      4 Bit        Muxes := 1     
	   2 Input      3 Bit        Muxes := 2     
	   2 Input      2 Bit        Muxes := 7     
	   4 Input      1 Bit        Muxes := 5     
	   2 Input      1 Bit        Muxes := 1     
	   3 Input      1 Bit        Muxes := 1     
Module input_buffer__113 
Detailed RTL Component Info : 
+---Adders : 
	   2 Input      4 Bit       Adders := 1     
	   2 Input      3 Bit       Adders := 2     
+---Registers : 
	                4 Bit    Registers := 1     
	                3 Bit    Registers := 10    
	                2 Bit    Registers := 8     
	                1 Bit    Registers := 11    
+---Muxes : 
	   2 Input      3 Bit        Muxes := 3     
	   4 Input      2 Bit        Muxes := 1     
	   2 Input      2 Bit        Muxes := 16    
	   4 Input      1 Bit        Muxes := 1     
	   2 Input      1 Bit        Muxes := 66    
Module circular_buffer__112 
Detailed RTL Component Info : 
+---Adders : 
	   2 Input      4 Bit       Adders := 1     
	   2 Input      3 Bit       Adders := 2     
+---Registers : 
	               22 Bit    Registers := 8     
	                4 Bit    Registers := 1     
	                3 Bit    Registers := 2     
	                2 Bit    Registers := 8     
	                1 Bit    Registers := 3     
+---Muxes : 
	   2 Input     22 Bit        Muxes := 7     
	   4 Input      4 Bit        Muxes := 1     
	   2 Input      3 Bit        Muxes := 2     
	   2 Input      2 Bit        Muxes := 7     
	   4 Input      1 Bit        Muxes := 5     
	   2 Input      1 Bit        Muxes := 1     
	   3 Input      1 Bit        Muxes := 1     
Module input_buffer__112 
Detailed RTL Component Info : 
+---Adders : 
	   2 Input      4 Bit       Adders := 1     
	   2 Input      3 Bit       Adders := 2     
+---Registers : 
	                4 Bit    Registers := 1     
	                3 Bit    Registers := 10    
	                2 Bit    Registers := 8     
	                1 Bit    Registers := 11    
+---Muxes : 
	   2 Input      3 Bit        Muxes := 3     
	   4 Input      2 Bit        Muxes := 1     
	   2 Input      2 Bit        Muxes := 16    
	   4 Input      1 Bit        Muxes := 1     
	   2 Input      1 Bit        Muxes := 66    
Module input_port__parameterized4__3 
Detailed RTL Component Info : 
+---Muxes : 
	   4 Input     22 Bit        Muxes := 1     
	   2 Input     22 Bit        Muxes := 3     
	   4 Input      2 Bit        Muxes := 2     
	   2 Input      2 Bit        Muxes := 3     
	   2 Input      1 Bit        Muxes := 1     
Module rc_unit__parameterized4__4 
Detailed RTL Component Info : 
+---Muxes : 
	   5 Input      3 Bit        Muxes := 1     
Module circular_buffer__119 
Detailed RTL Component Info : 
+---Adders : 
	   2 Input      4 Bit       Adders := 1     
	   2 Input      3 Bit       Adders := 2     
+---Registers : 
	               22 Bit    Registers := 8     
	                4 Bit    Registers := 1     
	                3 Bit    Registers := 2     
	                2 Bit    Registers := 8     
	                1 Bit    Registers := 3     
+---Muxes : 
	   2 Input     22 Bit        Muxes := 7     
	   4 Input      4 Bit        Muxes := 1     
	   2 Input      3 Bit        Muxes := 2     
	   2 Input      2 Bit        Muxes := 7     
	   4 Input      1 Bit        Muxes := 5     
	   2 Input      1 Bit        Muxes := 1     
	   3 Input      1 Bit        Muxes := 1     
Module input_buffer__119 
Detailed RTL Component Info : 
+---Adders : 
	   2 Input      4 Bit       Adders := 1     
	   2 Input      3 Bit       Adders := 2     
+---Registers : 
	                4 Bit    Registers := 1     
	                3 Bit    Registers := 10    
	                2 Bit    Registers := 8     
	                1 Bit    Registers := 11    
+---Muxes : 
	   2 Input      3 Bit        Muxes := 3     
	   4 Input      2 Bit        Muxes := 1     
	   2 Input      2 Bit        Muxes := 16    
	   4 Input      1 Bit        Muxes := 1     
	   2 Input      1 Bit        Muxes := 66    
Module circular_buffer__118 
Detailed RTL Component Info : 
+---Adders : 
	   2 Input      4 Bit       Adders := 1     
	   2 Input      3 Bit       Adders := 2     
+---Registers : 
	               22 Bit    Registers := 8     
	                4 Bit    Registers := 1     
	                3 Bit    Registers := 2     
	                2 Bit    Registers := 8     
	                1 Bit    Registers := 3     
+---Muxes : 
	   2 Input     22 Bit        Muxes := 7     
	   4 Input      4 Bit        Muxes := 1     
	   2 Input      3 Bit        Muxes := 2     
	   2 Input      2 Bit        Muxes := 7     
	   4 Input      1 Bit        Muxes := 5     
	   2 Input      1 Bit        Muxes := 1     
	   3 Input      1 Bit        Muxes := 1     
Module input_buffer__118 
Detailed RTL Component Info : 
+---Adders : 
	   2 Input      4 Bit       Adders := 1     
	   2 Input      3 Bit       Adders := 2     
+---Registers : 
	                4 Bit    Registers := 1     
	                3 Bit    Registers := 10    
	                2 Bit    Registers := 8     
	                1 Bit    Registers := 11    
+---Muxes : 
	   2 Input      3 Bit        Muxes := 3     
	   4 Input      2 Bit        Muxes := 1     
	   2 Input      2 Bit        Muxes := 16    
	   4 Input      1 Bit        Muxes := 1     
	   2 Input      1 Bit        Muxes := 66    
Module circular_buffer__117 
Detailed RTL Component Info : 
+---Adders : 
	   2 Input      4 Bit       Adders := 1     
	   2 Input      3 Bit       Adders := 2     
+---Registers : 
	               22 Bit    Registers := 8     
	                4 Bit    Registers := 1     
	                3 Bit    Registers := 2     
	                2 Bit    Registers := 8     
	                1 Bit    Registers := 3     
+---Muxes : 
	   2 Input     22 Bit        Muxes := 7     
	   4 Input      4 Bit        Muxes := 1     
	   2 Input      3 Bit        Muxes := 2     
	   2 Input      2 Bit        Muxes := 7     
	   4 Input      1 Bit        Muxes := 5     
	   2 Input      1 Bit        Muxes := 1     
	   3 Input      1 Bit        Muxes := 1     
Module input_buffer__117 
Detailed RTL Component Info : 
+---Adders : 
	   2 Input      4 Bit       Adders := 1     
	   2 Input      3 Bit       Adders := 2     
+---Registers : 
	                4 Bit    Registers := 1     
	                3 Bit    Registers := 10    
	                2 Bit    Registers := 8     
	                1 Bit    Registers := 11    
+---Muxes : 
	   2 Input      3 Bit        Muxes := 3     
	   4 Input      2 Bit        Muxes := 1     
	   2 Input      2 Bit        Muxes := 16    
	   4 Input      1 Bit        Muxes := 1     
	   2 Input      1 Bit        Muxes := 66    
Module circular_buffer__116 
Detailed RTL Component Info : 
+---Adders : 
	   2 Input      4 Bit       Adders := 1     
	   2 Input      3 Bit       Adders := 2     
+---Registers : 
	               22 Bit    Registers := 8     
	                4 Bit    Registers := 1     
	                3 Bit    Registers := 2     
	                2 Bit    Registers := 8     
	                1 Bit    Registers := 3     
+---Muxes : 
	   2 Input     22 Bit        Muxes := 7     
	   4 Input      4 Bit        Muxes := 1     
	   2 Input      3 Bit        Muxes := 2     
	   2 Input      2 Bit        Muxes := 7     
	   4 Input      1 Bit        Muxes := 5     
	   2 Input      1 Bit        Muxes := 1     
	   3 Input      1 Bit        Muxes := 1     
Module input_buffer__116 
Detailed RTL Component Info : 
+---Adders : 
	   2 Input      4 Bit       Adders := 1     
	   2 Input      3 Bit       Adders := 2     
+---Registers : 
	                4 Bit    Registers := 1     
	                3 Bit    Registers := 10    
	                2 Bit    Registers := 8     
	                1 Bit    Registers := 11    
+---Muxes : 
	   2 Input      3 Bit        Muxes := 3     
	   4 Input      2 Bit        Muxes := 1     
	   2 Input      2 Bit        Muxes := 16    
	   4 Input      1 Bit        Muxes := 1     
	   2 Input      1 Bit        Muxes := 66    
Module input_port__parameterized4__4 
Detailed RTL Component Info : 
+---Muxes : 
	   4 Input     22 Bit        Muxes := 1     
	   2 Input     22 Bit        Muxes := 3     
	   4 Input      2 Bit        Muxes := 2     
	   2 Input      2 Bit        Muxes := 3     
	   2 Input      1 Bit        Muxes := 1     
Module rc_unit__parameterized4 
Detailed RTL Component Info : 
+---Muxes : 
	   5 Input      3 Bit        Muxes := 1     
Module circular_buffer__101 
Detailed RTL Component Info : 
+---Adders : 
	   2 Input      4 Bit       Adders := 1     
	   2 Input      3 Bit       Adders := 2     
+---Registers : 
	               22 Bit    Registers := 8     
	                4 Bit    Registers := 1     
	                3 Bit    Registers := 2     
	                2 Bit    Registers := 8     
	                1 Bit    Registers := 3     
+---Muxes : 
	   2 Input     22 Bit        Muxes := 7     
	   4 Input      4 Bit        Muxes := 1     
	   2 Input      3 Bit        Muxes := 2     
	   2 Input      2 Bit        Muxes := 7     
	   4 Input      1 Bit        Muxes := 5     
	   2 Input      1 Bit        Muxes := 1     
	   3 Input      1 Bit        Muxes := 1     
Module input_buffer__101 
Detailed RTL Component Info : 
+---Adders : 
	   2 Input      4 Bit       Adders := 1     
	   2 Input      3 Bit       Adders := 2     
+---Registers : 
	                4 Bit    Registers := 1     
	                3 Bit    Registers := 10    
	                2 Bit    Registers := 8     
	                1 Bit    Registers := 11    
+---Muxes : 
	   2 Input      3 Bit        Muxes := 3     
	   4 Input      2 Bit        Muxes := 1     
	   2 Input      2 Bit        Muxes := 16    
	   4 Input      1 Bit        Muxes := 1     
	   2 Input      1 Bit        Muxes := 66    
Module circular_buffer__102 
Detailed RTL Component Info : 
+---Adders : 
	   2 Input      4 Bit       Adders := 1     
	   2 Input      3 Bit       Adders := 2     
+---Registers : 
	               22 Bit    Registers := 8     
	                4 Bit    Registers := 1     
	                3 Bit    Registers := 2     
	                2 Bit    Registers := 8     
	                1 Bit    Registers := 3     
+---Muxes : 
	   2 Input     22 Bit        Muxes := 7     
	   4 Input      4 Bit        Muxes := 1     
	   2 Input      3 Bit        Muxes := 2     
	   2 Input      2 Bit        Muxes := 7     
	   4 Input      1 Bit        Muxes := 5     
	   2 Input      1 Bit        Muxes := 1     
	   3 Input      1 Bit        Muxes := 1     
Module input_buffer__102 
Detailed RTL Component Info : 
+---Adders : 
	   2 Input      4 Bit       Adders := 1     
	   2 Input      3 Bit       Adders := 2     
+---Registers : 
	                4 Bit    Registers := 1     
	                3 Bit    Registers := 10    
	                2 Bit    Registers := 8     
	                1 Bit    Registers := 11    
+---Muxes : 
	   2 Input      3 Bit        Muxes := 3     
	   4 Input      2 Bit        Muxes := 1     
	   2 Input      2 Bit        Muxes := 16    
	   4 Input      1 Bit        Muxes := 1     
	   2 Input      1 Bit        Muxes := 66    
Module circular_buffer__103 
Detailed RTL Component Info : 
+---Adders : 
	   2 Input      4 Bit       Adders := 1     
	   2 Input      3 Bit       Adders := 2     
+---Registers : 
	               22 Bit    Registers := 8     
	                4 Bit    Registers := 1     
	                3 Bit    Registers := 2     
	                2 Bit    Registers := 8     
	                1 Bit    Registers := 3     
+---Muxes : 
	   2 Input     22 Bit        Muxes := 7     
	   4 Input      4 Bit        Muxes := 1     
	   2 Input      3 Bit        Muxes := 2     
	   2 Input      2 Bit        Muxes := 7     
	   4 Input      1 Bit        Muxes := 5     
	   2 Input      1 Bit        Muxes := 1     
	   3 Input      1 Bit        Muxes := 1     
Module input_buffer__103 
Detailed RTL Component Info : 
+---Adders : 
	   2 Input      4 Bit       Adders := 1     
	   2 Input      3 Bit       Adders := 2     
+---Registers : 
	                4 Bit    Registers := 1     
	                3 Bit    Registers := 10    
	                2 Bit    Registers := 8     
	                1 Bit    Registers := 11    
+---Muxes : 
	   2 Input      3 Bit        Muxes := 3     
	   4 Input      2 Bit        Muxes := 1     
	   2 Input      2 Bit        Muxes := 16    
	   4 Input      1 Bit        Muxes := 1     
	   2 Input      1 Bit        Muxes := 66    
Module circular_buffer 
Detailed RTL Component Info : 
+---Adders : 
	   2 Input      4 Bit       Adders := 1     
	   2 Input      3 Bit       Adders := 2     
+---Registers : 
	               22 Bit    Registers := 8     
	                4 Bit    Registers := 1     
	                3 Bit    Registers := 2     
	                2 Bit    Registers := 8     
	                1 Bit    Registers := 3     
+---Muxes : 
	   2 Input     22 Bit        Muxes := 7     
	   4 Input      4 Bit        Muxes := 1     
	   2 Input      3 Bit        Muxes := 2     
	   2 Input      2 Bit        Muxes := 7     
	   4 Input      1 Bit        Muxes := 5     
	   2 Input      1 Bit        Muxes := 1     
	   3 Input      1 Bit        Muxes := 1     
Module input_buffer 
Detailed RTL Component Info : 
+---Adders : 
	   2 Input      4 Bit       Adders := 1     
	   2 Input      3 Bit       Adders := 2     
+---Registers : 
	                4 Bit    Registers := 1     
	                3 Bit    Registers := 10    
	                2 Bit    Registers := 8     
	                1 Bit    Registers := 11    
+---Muxes : 
	   2 Input      3 Bit        Muxes := 3     
	   4 Input      2 Bit        Muxes := 1     
	   2 Input      2 Bit        Muxes := 16    
	   4 Input      1 Bit        Muxes := 1     
	   2 Input      1 Bit        Muxes := 66    
Module input_port__parameterized4 
Detailed RTL Component Info : 
+---Muxes : 
	   4 Input     22 Bit        Muxes := 1     
	   2 Input     22 Bit        Muxes := 3     
	   4 Input      2 Bit        Muxes := 2     
	   2 Input      2 Bit        Muxes := 3     
	   2 Input      1 Bit        Muxes := 1     
Module round_robin_arbiter__31 
Detailed RTL Component Info : 
+---Adders : 
	   2 Input      3 Bit       Adders := 3     
	   2 Input      2 Bit       Adders := 4     
+---Registers : 
	                2 Bit    Registers := 1     
+---Muxes : 
	   2 Input      2 Bit        Muxes := 2     
	   2 Input      1 Bit        Muxes := 3     
Module round_robin_arbiter__32 
Detailed RTL Component Info : 
+---Adders : 
	   2 Input      3 Bit       Adders := 3     
	   2 Input      2 Bit       Adders := 4     
+---Registers : 
	                2 Bit    Registers := 1     
+---Muxes : 
	   2 Input      2 Bit        Muxes := 2     
	   2 Input      1 Bit        Muxes := 3     
Module round_robin_arbiter__33 
Detailed RTL Component Info : 
+---Adders : 
	   2 Input      3 Bit       Adders := 3     
	   2 Input      2 Bit       Adders := 4     
+---Registers : 
	                2 Bit    Registers := 1     
+---Muxes : 
	   2 Input      2 Bit        Muxes := 2     
	   2 Input      1 Bit        Muxes := 3     
Module round_robin_arbiter__34 
Detailed RTL Component Info : 
+---Adders : 
	   2 Input      3 Bit       Adders := 3     
	   2 Input      2 Bit       Adders := 4     
+---Registers : 
	                2 Bit    Registers := 1     
+---Muxes : 
	   2 Input      2 Bit        Muxes := 2     
	   2 Input      1 Bit        Muxes := 3     
Module round_robin_arbiter 
Detailed RTL Component Info : 
+---Adders : 
	   2 Input      3 Bit       Adders := 3     
	   2 Input      2 Bit       Adders := 4     
+---Registers : 
	                2 Bit    Registers := 1     
+---Muxes : 
	   2 Input      2 Bit        Muxes := 2     
	   2 Input      1 Bit        Muxes := 3     
Module round_robin_arbiter__parameterized0__31 
Detailed RTL Component Info : 
+---Adders : 
	   2 Input      5 Bit       Adders := 4     
	   2 Input      4 Bit       Adders := 4     
+---Registers : 
	                3 Bit    Registers := 1     
+---Muxes : 
	   5 Input      1 Bit        Muxes := 1     
Module round_robin_arbiter__parameterized0__32 
Detailed RTL Component Info : 
+---Adders : 
	   2 Input      5 Bit       Adders := 4     
	   2 Input      4 Bit       Adders := 4     
+---Registers : 
	                3 Bit    Registers := 1     
+---Muxes : 
	   5 Input      1 Bit        Muxes := 1     
Module round_robin_arbiter__parameterized0__33 
Detailed RTL Component Info : 
+---Adders : 
	   2 Input      5 Bit       Adders := 4     
	   2 Input      4 Bit       Adders := 4     
+---Registers : 
	                3 Bit    Registers := 1     
+---Muxes : 
	   5 Input      1 Bit        Muxes := 1     
Module round_robin_arbiter__parameterized0__34 
Detailed RTL Component Info : 
+---Adders : 
	   2 Input      5 Bit       Adders := 4     
	   2 Input      4 Bit       Adders := 4     
+---Registers : 
	                3 Bit    Registers := 1     
+---Muxes : 
	   5 Input      1 Bit        Muxes := 1     
Module round_robin_arbiter__parameterized0 
Detailed RTL Component Info : 
+---Adders : 
	   2 Input      5 Bit       Adders := 4     
	   2 Input      4 Bit       Adders := 4     
+---Registers : 
	                3 Bit    Registers := 1     
+---Muxes : 
	   5 Input      1 Bit        Muxes := 1     
Module separable_input_first_allocator 
Detailed RTL Component Info : 
+---Muxes : 
	   2 Input      5 Bit        Muxes := 40    
	   2 Input      4 Bit        Muxes := 60    
	   5 Input      4 Bit        Muxes := 5     
	   2 Input      1 Bit        Muxes := 145   
	   3 Input      1 Bit        Muxes := 15    
Module switch_allocator 
Detailed RTL Component Info : 
+---Muxes : 
	   2 Input      5 Bit        Muxes := 19    
	   2 Input      4 Bit        Muxes := 5     
	   2 Input      3 Bit        Muxes := 158   
	   2 Input      2 Bit        Muxes := 10    
	   2 Input      1 Bit        Muxes := 29    
---------------------------------------------------------------------------------
Finished RTL Hierarchical Component Statistics
---------------------------------------------------------------------------------
---------------------------------------------------------------------------------
Start Part Resource Summary
---------------------------------------------------------------------------------
Part Resources:
DSPs: 2880 (col length:120)
BRAMs: 5040 (col length: RAMB18 360 RAMB36 180)
---------------------------------------------------------------------------------
Finished Part Resource Summary
---------------------------------------------------------------------------------
INFO: [Synth 8-5580] Multithreading enabled for synth_design using a maximum of 2 processes.
No constraint files found.
---------------------------------------------------------------------------------
Start Cross Boundary and Area Optimization
---------------------------------------------------------------------------------
INFO: [Synth 8-3333] propagating constant 0 across sequential element (\input_block/generate_input_ports[0].input_port /\rc_unit/out_port_o_reg[0] )
INFO: [Synth 8-3333] propagating constant 0 across sequential element (\input_block/generate_input_ports[1].input_port /\rc_unit/out_port_o_reg[0] )
INFO: [Synth 8-3333] propagating constant 0 across sequential element (\input_block/generate_input_ports[2].input_port /\rc_unit/out_port_o_reg[0] )
INFO: [Synth 8-3333] propagating constant 0 across sequential element (\input_block/generate_input_ports[3].input_port /\rc_unit/out_port_o_reg[0] )
INFO: [Synth 8-3333] propagating constant 0 across sequential element (\input_block/generate_input_ports[4].input_port /\rc_unit/out_port_o_reg[0] )
INFO: [Synth 8-3333] propagating constant 0 across sequential element (\input_block/generate_input_ports[0].input_port /\generate_virtual_channels[0].input_buffer /\meta_mem_reg[7][out_port][0] )
INFO: [Synth 8-3333] propagating constant 0 across sequential element (\input_block/generate_input_ports[0].input_port /\generate_virtual_channels[0].input_buffer /\meta_mem_reg[6][out_port][0] )
INFO: [Synth 8-3333] propagating constant 0 across sequential element (\input_block/generate_input_ports[0].input_port /\generate_virtual_channels[0].input_buffer /\meta_mem_reg[5][out_port][0] )
INFO: [Synth 8-3333] propagating constant 0 across sequential element (\input_block/generate_input_ports[0].input_port /\generate_virtual_channels[0].input_buffer /\meta_mem_reg[4][out_port][0] )
INFO: [Synth 8-3333] propagating constant 0 across sequential element (\input_block/generate_input_ports[0].input_port /\generate_virtual_channels[0].input_buffer /\meta_mem_reg[3][out_port][0] )
INFO: [Synth 8-3333] propagating constant 0 across sequential element (\input_block/generate_input_ports[0].input_port /\generate_virtual_channels[0].input_buffer /\meta_mem_reg[2][out_port][0] )
INFO: [Synth 8-3333] propagating constant 0 across sequential element (\input_block/generate_input_ports[0].input_port /\generate_virtual_channels[0].input_buffer /\meta_mem_reg[1][out_port][0] )
INFO: [Synth 8-3333] propagating constant 0 across sequential element (\input_block/generate_input_ports[0].input_port /\generate_virtual_channels[0].input_buffer /\meta_mem_reg[0][out_port][0] )
INFO: [Synth 8-3333] propagating constant 0 across sequential element (\input_block/generate_input_ports[0].input_port /\generate_virtual_channels[1].input_buffer /\meta_mem_reg[7][out_port][0] )
INFO: [Synth 8-3333] propagating constant 0 across sequential element (\input_block/generate_input_ports[0].input_port /\generate_virtual_channels[1].input_buffer /\meta_mem_reg[6][out_port][0] )
INFO: [Synth 8-3333] propagating constant 0 across sequential element (\input_block/generate_input_ports[0].input_port /\generate_virtual_channels[1].input_buffer /\meta_mem_reg[5][out_port][0] )
INFO: [Synth 8-3333] propagating constant 0 across sequential element (\input_block/generate_input_ports[0].input_port /\generate_virtual_channels[1].input_buffer /\meta_mem_reg[4][out_port][0] )
INFO: [Synth 8-3333] propagating constant 0 across sequential element (\input_block/generate_input_ports[0].input_port /\generate_virtual_channels[1].input_buffer /\meta_mem_reg[3][out_port][0] )
INFO: [Synth 8-3333] propagating constant 0 across sequential element (\input_block/generate_input_ports[0].input_port /\generate_virtual_channels[1].input_buffer /\meta_mem_reg[2][out_port][0] )
INFO: [Synth 8-3333] propagating constant 0 across sequential element (\input_block/generate_input_ports[0].input_port /\generate_virtual_channels[1].input_buffer /\meta_mem_reg[1][out_port][0] )
INFO: [Synth 8-3333] propagating constant 0 across sequential element (\input_block/generate_input_ports[0].input_port /\generate_virtual_channels[1].input_buffer /\meta_mem_reg[0][out_port][0] )
INFO: [Synth 8-3333] propagating constant 0 across sequential element (\input_block/generate_input_ports[0].input_port /\generate_virtual_channels[2].input_buffer /\meta_mem_reg[7][out_port][0] )
INFO: [Synth 8-3333] propagating constant 0 across sequential element (\input_block/generate_input_ports[0].input_port /\generate_virtual_channels[2].input_buffer /\meta_mem_reg[6][out_port][0] )
INFO: [Synth 8-3333] propagating constant 0 across sequential element (\input_block/generate_input_ports[0].input_port /\generate_virtual_channels[2].input_buffer /\meta_mem_reg[5][out_port][0] )
INFO: [Synth 8-3333] propagating constant 0 across sequential element (\input_block/generate_input_ports[0].input_port /\generate_virtual_channels[2].input_buffer /\meta_mem_reg[4][out_port][0] )
INFO: [Synth 8-3333] propagating constant 0 across sequential element (\input_block/generate_input_ports[0].input_port /\generate_virtual_channels[2].input_buffer /\meta_mem_reg[3][out_port][0] )
INFO: [Synth 8-3333] propagating constant 0 across sequential element (\input_block/generate_input_ports[0].input_port /\generate_virtual_channels[2].input_buffer /\meta_mem_reg[2][out_port][0] )
INFO: [Synth 8-3333] propagating constant 0 across sequential element (\input_block/generate_input_ports[0].input_port /\generate_virtual_channels[2].input_buffer /\meta_mem_reg[1][out_port][0] )
INFO: [Synth 8-3333] propagating constant 0 across sequential element (\input_block/generate_input_ports[0].input_port /\generate_virtual_channels[2].input_buffer /\meta_mem_reg[0][out_port][0] )
INFO: [Synth 8-3333] propagating constant 0 across sequential element (\input_block/generate_input_ports[0].input_port /\generate_virtual_channels[3].input_buffer /\meta_mem_reg[7][out_port][0] )
INFO: [Synth 8-3333] propagating constant 0 across sequential element (\input_block/generate_input_ports[0].input_port /\generate_virtual_channels[3].input_buffer /\meta_mem_reg[6][out_port][0] )
INFO: [Synth 8-3333] propagating constant 0 across sequential element (\input_block/generate_input_ports[0].input_port /\generate_virtual_channels[3].input_buffer /\meta_mem_reg[5][out_port][0] )
INFO: [Synth 8-3333] propagating constant 0 across sequential element (\input_block/generate_input_ports[0].input_port /\generate_virtual_channels[3].input_buffer /\meta_mem_reg[4][out_port][0] )
INFO: [Synth 8-3333] propagating constant 0 across sequential element (\input_block/generate_input_ports[0].input_port /\generate_virtual_channels[3].input_buffer /\meta_mem_reg[3][out_port][0] )
INFO: [Synth 8-3333] propagating constant 0 across sequential element (\input_block/generate_input_ports[0].input_port /\generate_virtual_channels[3].input_buffer /\meta_mem_reg[2][out_port][0] )
INFO: [Synth 8-3333] propagating constant 0 across sequential element (\input_block/generate_input_ports[0].input_port /\generate_virtual_channels[3].input_buffer /\meta_mem_reg[1][out_port][0] )
INFO: [Synth 8-3333] propagating constant 0 across sequential element (\input_block/generate_input_ports[0].input_port /\generate_virtual_channels[3].input_buffer /\meta_mem_reg[0][out_port][0] )
INFO: [Synth 8-3333] propagating constant 0 across sequential element (\input_block/generate_input_ports[1].input_port /\generate_virtual_channels[0].input_buffer /\meta_mem_reg[7][out_port][0] )
INFO: [Synth 8-3333] propagating constant 0 across sequential element (\input_block/generate_input_ports[1].input_port /\generate_virtual_channels[0].input_buffer /\meta_mem_reg[6][out_port][0] )
INFO: [Synth 8-3333] propagating constant 0 across sequential element (\input_block/generate_input_ports[1].input_port /\generate_virtual_channels[0].input_buffer /\meta_mem_reg[5][out_port][0] )
INFO: [Synth 8-3333] propagating constant 0 across sequential element (\input_block/generate_input_ports[1].input_port /\generate_virtual_channels[0].input_buffer /\meta_mem_reg[4][out_port][0] )
INFO: [Synth 8-3333] propagating constant 0 across sequential element (\input_block/generate_input_ports[1].input_port /\generate_virtual_channels[0].input_buffer /\meta_mem_reg[3][out_port][0] )
INFO: [Synth 8-3333] propagating constant 0 across sequential element (\input_block/generate_input_ports[1].input_port /\generate_virtual_channels[0].input_buffer /\meta_mem_reg[2][out_port][0] )
INFO: [Synth 8-3333] propagating constant 0 across sequential element (\input_block/generate_input_ports[1].input_port /\generate_virtual_channels[0].input_buffer /\meta_mem_reg[1][out_port][0] )
INFO: [Synth 8-3333] propagating constant 0 across sequential element (\input_block/generate_input_ports[1].input_port /\generate_virtual_channels[0].input_buffer /\meta_mem_reg[0][out_port][0] )
INFO: [Synth 8-3333] propagating constant 0 across sequential element (\input_block/generate_input_ports[1].input_port /\generate_virtual_channels[1].input_buffer /\meta_mem_reg[7][out_port][0] )
INFO: [Synth 8-3333] propagating constant 0 across sequential element (\input_block/generate_input_ports[1].input_port /\generate_virtual_channels[1].input_buffer /\meta_mem_reg[6][out_port][0] )
INFO: [Synth 8-3333] propagating constant 0 across sequential element (\input_block/generate_input_ports[1].input_port /\generate_virtual_channels[1].input_buffer /\meta_mem_reg[5][out_port][0] )
INFO: [Synth 8-3333] propagating constant 0 across sequential element (\input_block/generate_input_ports[1].input_port /\generate_virtual_channels[1].input_buffer /\meta_mem_reg[4][out_port][0] )
INFO: [Synth 8-3333] propagating constant 0 across sequential element (\input_block/generate_input_ports[1].input_port /\generate_virtual_channels[1].input_buffer /\meta_mem_reg[3][out_port][0] )
INFO: [Synth 8-3333] propagating constant 0 across sequential element (\input_block/generate_input_ports[1].input_port /\generate_virtual_channels[1].input_buffer /\meta_mem_reg[2][out_port][0] )
INFO: [Synth 8-3333] propagating constant 0 across sequential element (\input_block/generate_input_ports[1].input_port /\generate_virtual_channels[1].input_buffer /\meta_mem_reg[1][out_port][0] )
INFO: [Synth 8-3333] propagating constant 0 across sequential element (\input_block/generate_input_ports[1].input_port /\generate_virtual_channels[1].input_buffer /\meta_mem_reg[0][out_port][0] )
INFO: [Synth 8-3333] propagating constant 0 across sequential element (\input_block/generate_input_ports[1].input_port /\generate_virtual_channels[2].input_buffer /\meta_mem_reg[7][out_port][0] )
INFO: [Synth 8-3333] propagating constant 0 across sequential element (\input_block/generate_input_ports[1].input_port /\generate_virtual_channels[2].input_buffer /\meta_mem_reg[6][out_port][0] )
INFO: [Synth 8-3333] propagating constant 0 across sequential element (\input_block/generate_input_ports[1].input_port /\generate_virtual_channels[2].input_buffer /\meta_mem_reg[5][out_port][0] )
INFO: [Synth 8-3333] propagating constant 0 across sequential element (\input_block/generate_input_ports[1].input_port /\generate_virtual_channels[2].input_buffer /\meta_mem_reg[4][out_port][0] )
INFO: [Synth 8-3333] propagating constant 0 across sequential element (\input_block/generate_input_ports[1].input_port /\generate_virtual_channels[2].input_buffer /\meta_mem_reg[3][out_port][0] )
INFO: [Synth 8-3333] propagating constant 0 across sequential element (\input_block/generate_input_ports[1].input_port /\generate_virtual_channels[2].input_buffer /\meta_mem_reg[2][out_port][0] )
INFO: [Synth 8-3333] propagating constant 0 across sequential element (\input_block/generate_input_ports[1].input_port /\generate_virtual_channels[2].input_buffer /\meta_mem_reg[1][out_port][0] )
INFO: [Synth 8-3333] propagating constant 0 across sequential element (\input_block/generate_input_ports[1].input_port /\generate_virtual_channels[2].input_buffer /\meta_mem_reg[0][out_port][0] )
INFO: [Synth 8-3333] propagating constant 0 across sequential element (\input_block/generate_input_ports[1].input_port /\generate_virtual_channels[3].input_buffer /\meta_mem_reg[7][out_port][0] )
INFO: [Synth 8-3333] propagating constant 0 across sequential element (\input_block/generate_input_ports[1].input_port /\generate_virtual_channels[3].input_buffer /\meta_mem_reg[6][out_port][0] )
INFO: [Synth 8-3333] propagating constant 0 across sequential element (\input_block/generate_input_ports[1].input_port /\generate_virtual_channels[3].input_buffer /\meta_mem_reg[5][out_port][0] )
INFO: [Synth 8-3333] propagating constant 0 across sequential element (\input_block/generate_input_ports[1].input_port /\generate_virtual_channels[3].input_buffer /\meta_mem_reg[4][out_port][0] )
INFO: [Synth 8-3333] propagating constant 0 across sequential element (\input_block/generate_input_ports[1].input_port /\generate_virtual_channels[3].input_buffer /\meta_mem_reg[3][out_port][0] )
INFO: [Synth 8-3333] propagating constant 0 across sequential element (\input_block/generate_input_ports[1].input_port /\generate_virtual_channels[3].input_buffer /\meta_mem_reg[2][out_port][0] )
INFO: [Synth 8-3333] propagating constant 0 across sequential element (\input_block/generate_input_ports[1].input_port /\generate_virtual_channels[3].input_buffer /\meta_mem_reg[1][out_port][0] )
INFO: [Synth 8-3333] propagating constant 0 across sequential element (\input_block/generate_input_ports[1].input_port /\generate_virtual_channels[3].input_buffer /\meta_mem_reg[0][out_port][0] )
INFO: [Synth 8-3333] propagating constant 0 across sequential element (\input_block/generate_input_ports[2].input_port /\generate_virtual_channels[0].input_buffer /\meta_mem_reg[7][out_port][0] )
INFO: [Synth 8-3333] propagating constant 0 across sequential element (\input_block/generate_input_ports[2].input_port /\generate_virtual_channels[0].input_buffer /\meta_mem_reg[6][out_port][0] )
INFO: [Synth 8-3333] propagating constant 0 across sequential element (\input_block/generate_input_ports[2].input_port /\generate_virtual_channels[0].input_buffer /\meta_mem_reg[5][out_port][0] )
INFO: [Synth 8-3333] propagating constant 0 across sequential element (\input_block/generate_input_ports[2].input_port /\generate_virtual_channels[0].input_buffer /\meta_mem_reg[4][out_port][0] )
INFO: [Synth 8-3333] propagating constant 0 across sequential element (\input_block/generate_input_ports[2].input_port /\generate_virtual_channels[0].input_buffer /\meta_mem_reg[3][out_port][0] )
INFO: [Synth 8-3333] propagating constant 0 across sequential element (\input_block/generate_input_ports[2].input_port /\generate_virtual_channels[0].input_buffer /\meta_mem_reg[2][out_port][0] )
INFO: [Synth 8-3333] propagating constant 0 across sequential element (\input_block/generate_input_ports[2].input_port /\generate_virtual_channels[0].input_buffer /\meta_mem_reg[1][out_port][0] )
INFO: [Synth 8-3333] propagating constant 0 across sequential element (\input_block/generate_input_ports[2].input_port /\generate_virtual_channels[0].input_buffer /\meta_mem_reg[0][out_port][0] )
INFO: [Synth 8-3333] propagating constant 0 across sequential element (\input_block/generate_input_ports[2].input_port /\generate_virtual_channels[1].input_buffer /\meta_mem_reg[7][out_port][0] )
INFO: [Synth 8-3333] propagating constant 0 across sequential element (\input_block/generate_input_ports[2].input_port /\generate_virtual_channels[1].input_buffer /\meta_mem_reg[6][out_port][0] )
INFO: [Synth 8-3333] propagating constant 0 across sequential element (\input_block/generate_input_ports[2].input_port /\generate_virtual_channels[1].input_buffer /\meta_mem_reg[5][out_port][0] )
INFO: [Synth 8-3333] propagating constant 0 across sequential element (\input_block/generate_input_ports[2].input_port /\generate_virtual_channels[1].input_buffer /\meta_mem_reg[4][out_port][0] )
INFO: [Synth 8-3333] propagating constant 0 across sequential element (\input_block/generate_input_ports[2].input_port /\generate_virtual_channels[1].input_buffer /\meta_mem_reg[3][out_port][0] )
INFO: [Synth 8-3333] propagating constant 0 across sequential element (\input_block/generate_input_ports[2].input_port /\generate_virtual_channels[1].input_buffer /\meta_mem_reg[2][out_port][0] )
INFO: [Synth 8-3333] propagating constant 0 across sequential element (\input_block/generate_input_ports[2].input_port /\generate_virtual_channels[1].input_buffer /\meta_mem_reg[1][out_port][0] )
INFO: [Synth 8-3333] propagating constant 0 across sequential element (\input_block/generate_input_ports[2].input_port /\generate_virtual_channels[1].input_buffer /\meta_mem_reg[0][out_port][0] )
INFO: [Synth 8-3333] propagating constant 0 across sequential element (\input_block/generate_input_ports[2].input_port /\generate_virtual_channels[2].input_buffer /\meta_mem_reg[7][out_port][0] )
INFO: [Synth 8-3333] propagating constant 0 across sequential element (\input_block/generate_input_ports[2].input_port /\generate_virtual_channels[2].input_buffer /\meta_mem_reg[6][out_port][0] )
INFO: [Synth 8-3333] propagating constant 0 across sequential element (\input_block/generate_input_ports[2].input_port /\generate_virtual_channels[2].input_buffer /\meta_mem_reg[5][out_port][0] )
INFO: [Synth 8-3333] propagating constant 0 across sequential element (\input_block/generate_input_ports[2].input_port /\generate_virtual_channels[2].input_buffer /\meta_mem_reg[4][out_port][0] )
INFO: [Synth 8-3333] propagating constant 0 across sequential element (\input_block/generate_input_ports[2].input_port /\generate_virtual_channels[2].input_buffer /\meta_mem_reg[3][out_port][0] )
INFO: [Synth 8-3333] propagating constant 0 across sequential element (\input_block/generate_input_ports[2].input_port /\generate_virtual_channels[2].input_buffer /\meta_mem_reg[2][out_port][0] )
INFO: [Synth 8-3333] propagating constant 0 across sequential element (\input_block/generate_input_ports[2].input_port /\generate_virtual_channels[2].input_buffer /\meta_mem_reg[1][out_port][0] )
INFO: [Synth 8-3333] propagating constant 0 across sequential element (\input_block/generate_input_ports[2].input_port /\generate_virtual_channels[2].input_buffer /\meta_mem_reg[0][out_port][0] )
INFO: [Synth 8-3333] propagating constant 0 across sequential element (\input_block/generate_input_ports[2].input_port /\generate_virtual_channels[3].input_buffer /\meta_mem_reg[7][out_port][0] )
INFO: [Synth 8-3333] propagating constant 0 across sequential element (\input_block/generate_input_ports[2].input_port /\generate_virtual_channels[3].input_buffer /\meta_mem_reg[6][out_port][0] )
INFO: [Synth 8-3333] propagating constant 0 across sequential element (\input_block/generate_input_ports[2].input_port /\generate_virtual_channels[3].input_buffer /\meta_mem_reg[5][out_port][0] )
INFO: [Synth 8-3333] propagating constant 0 across sequential element (\input_block/generate_input_ports[2].input_port /\generate_virtual_channels[3].input_buffer /\meta_mem_reg[4][out_port][0] )
INFO: [Synth 8-3333] propagating constant 0 across sequential element (\input_block/generate_input_ports[2].input_port /\generate_virtual_channels[3].input_buffer /\meta_mem_reg[3][out_port][0] )
INFO: [Synth 8-3333] propagating constant 0 across sequential element (\input_block/generate_input_ports[2].input_port /\generate_virtual_channels[3].input_buffer /\meta_mem_reg[2][out_port][0] )
INFO: [Synth 8-3333] propagating constant 0 across sequential element (\input_block/generate_input_ports[2].input_port /\generate_virtual_channels[3].input_buffer /\meta_mem_reg[1][out_port][0] )
INFO: [Common 17-14] Message 'Synth 8-3333' appears 100 times and further instances of the messages will be disabled. Use the Tcl command set_msg_config to change the current settings.
INFO: [Common 17-14] Message 'Synth 8-3333' appears 100 times and further instances of the messages will be disabled. Use the Tcl command set_msg_config to change the current settings.
WARNING: [Synth 8-3332] Sequential element (rc_unit/out_port_o_reg[0]) is unused and will be removed from module input_port__1.
WARNING: [Synth 8-3332] Sequential element (rc_unit/out_port_o_reg[0]) is unused and will be removed from module input_port__2.
WARNING: [Synth 8-3332] Sequential element (rc_unit/out_port_o_reg[0]) is unused and will be removed from module input_port__3.
WARNING: [Synth 8-3332] Sequential element (rc_unit/out_port_o_reg[0]) is unused and will be removed from module input_port__4.
WARNING: [Synth 8-3332] Sequential element (rc_unit/out_port_o_reg[0]) is unused and will be removed from module input_port.
---------------------------------------------------------------------------------
Finished Cross Boundary and Area Optimization : Time (s): cpu = 00:01:15 ; elapsed = 00:02:05 . Memory (MB): peak = 1846.250 ; gain = 1382.453
---------------------------------------------------------------------------------

Report RTL Partitions: 
+------+----------------------------+------------+----------+
|      |RTL Partition               |Replication |Instances |
+------+----------------------------+------------+----------+
|1     |vc_allocator                |           6|      2175|
|2     |router__GC0                 |           1|     21781|
|3     |router__parameterized0__GC0 |           1|     22815|
|4     |router__parameterized1__GC0 |           1|     22815|
|5     |router__parameterized2__GC0 |           1|     22825|
|6     |router__parameterized3__GC0 |           1|     22820|
|7     |router__parameterized4__GC0 |           1|     22830|
+------+----------------------------+------------+----------+
No constraint files found.
---------------------------------------------------------------------------------
Start Timing Optimization
---------------------------------------------------------------------------------
INFO: [Synth 8-3886] merging instance 'mesh_row[0].mesh_col[0].routeri_0/input_block/generate_input_ports[1].input_port/generate_virtual_channels[2].input_buffer/circular_buffer/memory_reg[1][data][0]' (FDE) to 'mesh_row[0].mesh_col[0].routeri_0/input_block/generate_input_ports[1].input_port/generate_virtual_channels[2].input_buffer/circular_buffer/memory_reg[1][flit_label][0]'
INFO: [Synth 8-3886] merging instance 'mesh_row[0].mesh_col[0].routeri_0/input_block/generate_input_ports[1].input_port/generate_virtual_channels[2].input_buffer/circular_buffer/memory_reg[0][data][0]' (FDE) to 'mesh_row[0].mesh_col[0].routeri_0/input_block/generate_input_ports[1].input_port/generate_virtual_channels[2].input_buffer/circular_buffer/memory_reg[0][flit_label][0]'
INFO: [Synth 8-3886] merging instance 'mesh_row[0].mesh_col[0].routeri_0/input_block/generate_input_ports[1].input_port/generate_virtual_channels[2].input_buffer/circular_buffer/memory_reg[3][data][0]' (FDE) to 'mesh_row[0].mesh_col[0].routeri_0/input_block/generate_input_ports[1].input_port/generate_virtual_channels[2].input_buffer/circular_buffer/memory_reg[3][flit_label][0]'
INFO: [Synth 8-3886] merging instance 'mesh_row[0].mesh_col[0].routeri_0/input_block/generate_input_ports[1].input_port/generate_virtual_channels[2].input_buffer/circular_buffer/memory_reg[2][data][0]' (FDE) to 'mesh_row[0].mesh_col[0].routeri_0/input_block/generate_input_ports[1].input_port/generate_virtual_channels[2].input_buffer/circular_buffer/memory_reg[2][flit_label][0]'
INFO: [Synth 8-3886] merging instance 'mesh_row[0].mesh_col[0].routeri_0/input_block/generate_input_ports[1].input_port/generate_virtual_channels[2].input_buffer/circular_buffer/memory_reg[5][data][0]' (FDE) to 'mesh_row[0].mesh_col[0].routeri_0/input_block/generate_input_ports[1].input_port/generate_virtual_channels[2].input_buffer/circular_buffer/memory_reg[5][flit_label][0]'
INFO: [Synth 8-3886] merging instance 'mesh_row[0].mesh_col[0].routeri_0/input_block/generate_input_ports[1].input_port/generate_virtual_channels[2].input_buffer/circular_buffer/memory_reg[4][data][0]' (FDE) to 'mesh_row[0].mesh_col[0].routeri_0/input_block/generate_input_ports[1].input_port/generate_virtual_channels[2].input_buffer/circular_buffer/memory_reg[4][flit_label][0]'
INFO: [Synth 8-3886] merging instance 'mesh_row[0].mesh_col[0].routeri_0/input_block/generate_input_ports[1].input_port/generate_virtual_channels[2].input_buffer/circular_buffer/memory_reg[7][data][0]' (FDE) to 'mesh_row[0].mesh_col[0].routeri_0/input_block/generate_input_ports[1].input_port/generate_virtual_channels[2].input_buffer/circular_buffer/memory_reg[7][flit_label][0]'
INFO: [Synth 8-3886] merging instance 'mesh_row[0].mesh_col[0].routeri_0/input_block/generate_input_ports[1].input_port/generate_virtual_channels[2].input_buffer/circular_buffer/memory_reg[6][data][0]' (FDE) to 'mesh_row[0].mesh_col[0].routeri_0/input_block/generate_input_ports[1].input_port/generate_virtual_channels[2].input_buffer/circular_buffer/memory_reg[6][flit_label][0]'
INFO: [Synth 8-3886] merging instance 'mesh_row[0].mesh_col[0].routeri_0/input_block/generate_input_ports[1].input_port/generate_virtual_channels[1].input_buffer/circular_buffer/memory_reg[1][data][0]' (FDE) to 'mesh_row[0].mesh_col[0].routeri_0/input_block/generate_input_ports[1].input_port/generate_virtual_channels[1].input_buffer/circular_buffer/memory_reg[1][flit_label][0]'
INFO: [Synth 8-3886] merging instance 'mesh_row[0].mesh_col[0].routeri_0/input_block/generate_input_ports[1].input_port/generate_virtual_channels[1].input_buffer/circular_buffer/memory_reg[0][data][0]' (FDE) to 'mesh_row[0].mesh_col[0].routeri_0/input_block/generate_input_ports[1].input_port/generate_virtual_channels[1].input_buffer/circular_buffer/memory_reg[0][flit_label][0]'
INFO: [Synth 8-3886] merging instance 'mesh_row[0].mesh_col[0].routeri_0/input_block/generate_input_ports[1].input_port/generate_virtual_channels[1].input_buffer/circular_buffer/memory_reg[3][data][0]' (FDE) to 'mesh_row[0].mesh_col[0].routeri_0/input_block/generate_input_ports[1].input_port/generate_virtual_channels[1].input_buffer/circular_buffer/memory_reg[3][flit_label][0]'
INFO: [Synth 8-3886] merging instance 'mesh_row[0].mesh_col[0].routeri_0/input_block/generate_input_ports[1].input_port/generate_virtual_channels[1].input_buffer/circular_buffer/memory_reg[2][data][0]' (FDE) to 'mesh_row[0].mesh_col[0].routeri_0/input_block/generate_input_ports[1].input_port/generate_virtual_channels[1].input_buffer/circular_buffer/memory_reg[2][flit_label][0]'
INFO: [Synth 8-3886] merging instance 'mesh_row[0].mesh_col[0].routeri_0/input_block/generate_input_ports[1].input_port/generate_virtual_channels[1].input_buffer/circular_buffer/memory_reg[5][data][0]' (FDE) to 'mesh_row[0].mesh_col[0].routeri_0/input_block/generate_input_ports[1].input_port/generate_virtual_channels[1].input_buffer/circular_buffer/memory_reg[5][flit_label][0]'
INFO: [Synth 8-3886] merging instance 'mesh_row[0].mesh_col[0].routeri_0/input_block/generate_input_ports[1].input_port/generate_virtual_channels[1].input_buffer/circular_buffer/memory_reg[4][data][0]' (FDE) to 'mesh_row[0].mesh_col[0].routeri_0/input_block/generate_input_ports[1].input_port/generate_virtual_channels[1].input_buffer/circular_buffer/memory_reg[4][flit_label][0]'
INFO: [Synth 8-3886] merging instance 'mesh_row[0].mesh_col[0].routeri_0/input_block/generate_input_ports[1].input_port/generate_virtual_channels[1].input_buffer/circular_buffer/memory_reg[7][data][0]' (FDE) to 'mesh_row[0].mesh_col[0].routeri_0/input_block/generate_input_ports[1].input_port/generate_virtual_channels[1].input_buffer/circular_buffer/memory_reg[7][flit_label][0]'
INFO: [Synth 8-3886] merging instance 'mesh_row[0].mesh_col[0].routeri_0/input_block/generate_input_ports[1].input_port/generate_virtual_channels[1].input_buffer/circular_buffer/memory_reg[6][data][0]' (FDE) to 'mesh_row[0].mesh_col[0].routeri_0/input_block/generate_input_ports[1].input_port/generate_virtual_channels[1].input_buffer/circular_buffer/memory_reg[6][flit_label][0]'
INFO: [Synth 8-3886] merging instance 'mesh_row[0].mesh_col[0].routeri_0/input_block/generate_input_ports[1].input_port/generate_virtual_channels[0].input_buffer/circular_buffer/memory_reg[1][data][0]' (FDE) to 'mesh_row[0].mesh_col[0].routeri_0/input_block/generate_input_ports[1].input_port/generate_virtual_channels[0].input_buffer/circular_buffer/memory_reg[1][flit_label][0]'
INFO: [Synth 8-3886] merging instance 'mesh_row[0].mesh_col[0].routeri_0/input_block/generate_input_ports[1].input_port/generate_virtual_channels[0].input_buffer/circular_buffer/memory_reg[0][data][0]' (FDE) to 'mesh_row[0].mesh_col[0].routeri_0/input_block/generate_input_ports[1].input_port/generate_virtual_channels[0].input_buffer/circular_buffer/memory_reg[0][flit_label][0]'
INFO: [Synth 8-3886] merging instance 'mesh_row[0].mesh_col[0].routeri_0/input_block/generate_input_ports[1].input_port/generate_virtual_channels[0].input_buffer/circular_buffer/memory_reg[3][data][0]' (FDE) to 'mesh_row[0].mesh_col[0].routeri_0/input_block/generate_input_ports[1].input_port/generate_virtual_channels[0].input_buffer/circular_buffer/memory_reg[3][flit_label][0]'
INFO: [Synth 8-3886] merging instance 'mesh_row[0].mesh_col[0].routeri_0/input_block/generate_input_ports[1].input_port/generate_virtual_channels[0].input_buffer/circular_buffer/memory_reg[2][data][0]' (FDE) to 'mesh_row[0].mesh_col[0].routeri_0/input_block/generate_input_ports[1].input_port/generate_virtual_channels[0].input_buffer/circular_buffer/memory_reg[2][flit_label][0]'
INFO: [Synth 8-3886] merging instance 'mesh_row[0].mesh_col[0].routeri_0/input_block/generate_input_ports[1].input_port/generate_virtual_channels[0].input_buffer/circular_buffer/memory_reg[5][data][0]' (FDE) to 'mesh_row[0].mesh_col[0].routeri_0/input_block/generate_input_ports[1].input_port/generate_virtual_channels[0].input_buffer/circular_buffer/memory_reg[5][flit_label][0]'
INFO: [Synth 8-3886] merging instance 'mesh_row[0].mesh_col[0].routeri_0/input_block/generate_input_ports[1].input_port/generate_virtual_channels[0].input_buffer/circular_buffer/memory_reg[4][data][0]' (FDE) to 'mesh_row[0].mesh_col[0].routeri_0/input_block/generate_input_ports[1].input_port/generate_virtual_channels[0].input_buffer/circular_buffer/memory_reg[4][flit_label][0]'
INFO: [Synth 8-3886] merging instance 'mesh_row[0].mesh_col[0].routeri_0/input_block/generate_input_ports[1].input_port/generate_virtual_channels[0].input_buffer/circular_buffer/memory_reg[7][data][0]' (FDE) to 'mesh_row[0].mesh_col[0].routeri_0/input_block/generate_input_ports[1].input_port/generate_virtual_channels[0].input_buffer/circular_buffer/memory_reg[7][data][21]'
INFO: [Synth 8-3886] merging instance 'mesh_row[0].mesh_col[0].routeri_0/input_block/generate_input_ports[1].input_port/generate_virtual_channels[0].input_buffer/circular_buffer/memory_reg[6][data][0]' (FDE) to 'mesh_row[0].mesh_col[0].routeri_0/input_block/generate_input_ports[1].input_port/generate_virtual_channels[0].input_buffer/circular_buffer/memory_reg[6][flit_label][0]'
INFO: [Synth 8-3886] merging instance 'mesh_row[0].mesh_col[0].routeri_0/input_block/generate_input_ports[3].input_port/generate_virtual_channels[2].input_buffer/circular_buffer/memory_reg[1][data][0]' (FDE) to 'mesh_row[0].mesh_col[0].routeri_0/input_block/generate_input_ports[3].input_port/generate_virtual_channels[2].input_buffer/circular_buffer/memory_reg[1][flit_label][0]'
INFO: [Synth 8-3886] merging instance 'mesh_row[0].mesh_col[0].routeri_0/input_block/generate_input_ports[3].input_port/generate_virtual_channels[2].input_buffer/circular_buffer/memory_reg[0][data][0]' (FDE) to 'mesh_row[0].mesh_col[0].routeri_0/input_block/generate_input_ports[3].input_port/generate_virtual_channels[2].input_buffer/circular_buffer/memory_reg[0][flit_label][0]'
INFO: [Synth 8-3886] merging instance 'mesh_row[0].mesh_col[0].routeri_0/input_block/generate_input_ports[3].input_port/generate_virtual_channels[2].input_buffer/circular_buffer/memory_reg[3][data][0]' (FDE) to 'mesh_row[0].mesh_col[0].routeri_0/input_block/generate_input_ports[3].input_port/generate_virtual_channels[2].input_buffer/circular_buffer/memory_reg[3][flit_label][0]'
INFO: [Synth 8-3886] merging instance 'mesh_row[0].mesh_col[0].routeri_0/input_block/generate_input_ports[3].input_port/generate_virtual_channels[2].input_buffer/circular_buffer/memory_reg[2][data][0]' (FDE) to 'mesh_row[0].mesh_col[0].routeri_0/input_block/generate_input_ports[3].input_port/generate_virtual_channels[2].input_buffer/circular_buffer/memory_reg[2][flit_label][0]'
INFO: [Synth 8-3886] merging instance 'mesh_row[0].mesh_col[0].routeri_0/input_block/generate_input_ports[3].input_port/generate_virtual_channels[2].input_buffer/circular_buffer/memory_reg[5][data][0]' (FDE) to 'mesh_row[0].mesh_col[0].routeri_0/input_block/generate_input_ports[3].input_port/generate_virtual_channels[2].input_buffer/circular_buffer/memory_reg[5][flit_label][0]'
INFO: [Synth 8-3886] merging instance 'mesh_row[0].mesh_col[0].routeri_0/input_block/generate_input_ports[3].input_port/generate_virtual_channels[2].input_buffer/circular_buffer/memory_reg[4][data][0]' (FDE) to 'mesh_row[0].mesh_col[0].routeri_0/input_block/generate_input_ports[3].input_port/generate_virtual_channels[2].input_buffer/circular_buffer/memory_reg[4][flit_label][0]'
INFO: [Synth 8-3886] merging instance 'mesh_row[0].mesh_col[0].routeri_0/input_block/generate_input_ports[3].input_port/generate_virtual_channels[2].input_buffer/circular_buffer/memory_reg[7][data][0]' (FDE) to 'mesh_row[0].mesh_col[0].routeri_0/input_block/generate_input_ports[3].input_port/generate_virtual_channels[2].input_buffer/circular_buffer/memory_reg[7][flit_label][0]'
INFO: [Synth 8-3886] merging instance 'mesh_row[0].mesh_col[0].routeri_0/input_block/generate_input_ports[3].input_port/generate_virtual_channels[2].input_buffer/circular_buffer/memory_reg[6][data][0]' (FDE) to 'mesh_row[0].mesh_col[0].routeri_0/input_block/generate_input_ports[3].input_port/generate_virtual_channels[2].input_buffer/circular_buffer/memory_reg[6][flit_label][0]'
INFO: [Synth 8-3886] merging instance 'mesh_row[0].mesh_col[0].routeri_0/input_block/generate_input_ports[3].input_port/generate_virtual_channels[1].input_buffer/circular_buffer/memory_reg[1][data][0]' (FDE) to 'mesh_row[0].mesh_col[0].routeri_0/input_block/generate_input_ports[3].input_port/generate_virtual_channels[1].input_buffer/circular_buffer/memory_reg[1][flit_label][0]'
INFO: [Synth 8-3886] merging instance 'mesh_row[0].mesh_col[0].routeri_0/input_block/generate_input_ports[3].input_port/generate_virtual_channels[1].input_buffer/circular_buffer/memory_reg[0][data][0]' (FDE) to 'mesh_row[0].mesh_col[0].routeri_0/input_block/generate_input_ports[3].input_port/generate_virtual_channels[1].input_buffer/circular_buffer/memory_reg[0][flit_label][0]'
INFO: [Synth 8-3886] merging instance 'mesh_row[0].mesh_col[0].routeri_0/input_block/generate_input_ports[3].input_port/generate_virtual_channels[1].input_buffer/circular_buffer/memory_reg[3][data][0]' (FDE) to 'mesh_row[0].mesh_col[0].routeri_0/input_block/generate_input_ports[3].input_port/generate_virtual_channels[1].input_buffer/circular_buffer/memory_reg[3][flit_label][0]'
INFO: [Synth 8-3886] merging instance 'mesh_row[0].mesh_col[0].routeri_0/input_block/generate_input_ports[3].input_port/generate_virtual_channels[1].input_buffer/circular_buffer/memory_reg[2][data][0]' (FDE) to 'mesh_row[0].mesh_col[0].routeri_0/input_block/generate_input_ports[3].input_port/generate_virtual_channels[1].input_buffer/circular_buffer/memory_reg[2][flit_label][0]'
INFO: [Synth 8-3886] merging instance 'mesh_row[0].mesh_col[0].routeri_0/input_block/generate_input_ports[3].input_port/generate_virtual_channels[1].input_buffer/circular_buffer/memory_reg[5][data][0]' (FDE) to 'mesh_row[0].mesh_col[0].routeri_0/input_block/generate_input_ports[3].input_port/generate_virtual_channels[1].input_buffer/circular_buffer/memory_reg[5][flit_label][0]'
INFO: [Synth 8-3886] merging instance 'mesh_row[0].mesh_col[0].routeri_0/input_block/generate_input_ports[3].input_port/generate_virtual_channels[1].input_buffer/circular_buffer/memory_reg[4][data][0]' (FDE) to 'mesh_row[0].mesh_col[0].routeri_0/input_block/generate_input_ports[3].input_port/generate_virtual_channels[1].input_buffer/circular_buffer/memory_reg[4][flit_label][0]'
INFO: [Synth 8-3886] merging instance 'mesh_row[0].mesh_col[0].routeri_0/input_block/generate_input_ports[3].input_port/generate_virtual_channels[1].input_buffer/circular_buffer/memory_reg[7][data][0]' (FDE) to 'mesh_row[0].mesh_col[0].routeri_0/input_block/generate_input_ports[3].input_port/generate_virtual_channels[1].input_buffer/circular_buffer/memory_reg[7][flit_label][0]'
INFO: [Synth 8-3886] merging instance 'mesh_row[0].mesh_col[0].routeri_0/input_block/generate_input_ports[3].input_port/generate_virtual_channels[1].input_buffer/circular_buffer/memory_reg[6][data][0]' (FDE) to 'mesh_row[0].mesh_col[0].routeri_0/input_block/generate_input_ports[3].input_port/generate_virtual_channels[1].input_buffer/circular_buffer/memory_reg[6][flit_label][0]'
INFO: [Synth 8-3886] merging instance 'mesh_row[0].mesh_col[0].routeri_0/input_block/generate_input_ports[3].input_port/generate_virtual_channels[0].input_buffer/circular_buffer/memory_reg[1][data][0]' (FDE) to 'mesh_row[0].mesh_col[0].routeri_0/input_block/generate_input_ports[3].input_port/generate_virtual_channels[0].input_buffer/circular_buffer/memory_reg[1][flit_label][0]'
INFO: [Synth 8-3886] merging instance 'mesh_row[0].mesh_col[0].routeri_0/input_block/generate_input_ports[3].input_port/generate_virtual_channels[0].input_buffer/circular_buffer/memory_reg[0][data][0]' (FDE) to 'mesh_row[0].mesh_col[0].routeri_0/input_block/generate_input_ports[3].input_port/generate_virtual_channels[0].input_buffer/circular_buffer/memory_reg[0][flit_label][0]'
INFO: [Synth 8-3886] merging instance 'mesh_row[0].mesh_col[0].routeri_0/input_block/generate_input_ports[3].input_port/generate_virtual_channels[0].input_buffer/circular_buffer/memory_reg[3][data][0]' (FDE) to 'mesh_row[0].mesh_col[0].routeri_0/input_block/generate_input_ports[3].input_port/generate_virtual_channels[0].input_buffer/circular_buffer/memory_reg[3][flit_label][0]'
INFO: [Synth 8-3886] merging instance 'mesh_row[0].mesh_col[0].routeri_0/input_block/generate_input_ports[3].input_port/generate_virtual_channels[0].input_buffer/circular_buffer/memory_reg[2][data][0]' (FDE) to 'mesh_row[0].mesh_col[0].routeri_0/input_block/generate_input_ports[3].input_port/generate_virtual_channels[0].input_buffer/circular_buffer/memory_reg[2][flit_label][0]'
INFO: [Synth 8-3886] merging instance 'mesh_row[0].mesh_col[0].routeri_0/input_block/generate_input_ports[3].input_port/generate_virtual_channels[0].input_buffer/circular_buffer/memory_reg[5][data][0]' (FDE) to 'mesh_row[0].mesh_col[0].routeri_0/input_block/generate_input_ports[3].input_port/generate_virtual_channels[0].input_buffer/circular_buffer/memory_reg[5][flit_label][0]'
INFO: [Synth 8-3886] merging instance 'mesh_row[0].mesh_col[0].routeri_0/input_block/generate_input_ports[3].input_port/generate_virtual_channels[0].input_buffer/circular_buffer/memory_reg[4][data][0]' (FDE) to 'mesh_row[0].mesh_col[0].routeri_0/input_block/generate_input_ports[3].input_port/generate_virtual_channels[0].input_buffer/circular_buffer/memory_reg[4][flit_label][0]'
INFO: [Synth 8-3886] merging instance 'mesh_row[0].mesh_col[0].routeri_0/input_block/generate_input_ports[3].input_port/generate_virtual_channels[0].input_buffer/circular_buffer/memory_reg[7][data][0]' (FDE) to 'mesh_row[0].mesh_col[0].routeri_0/input_block/generate_input_ports[3].input_port/generate_virtual_channels[0].input_buffer/circular_buffer/memory_reg[7][data][21]'
INFO: [Synth 8-3886] merging instance 'mesh_row[0].mesh_col[0].routeri_0/input_block/generate_input_ports[3].input_port/generate_virtual_channels[0].input_buffer/circular_buffer/memory_reg[6][data][0]' (FDE) to 'mesh_row[0].mesh_col[0].routeri_0/input_block/generate_input_ports[3].input_port/generate_virtual_channels[0].input_buffer/circular_buffer/memory_reg[6][flit_label][0]'
INFO: [Synth 8-3886] merging instance 'mesh_row[0].mesh_col[0].routeri_0/input_block/generate_input_ports[3].input_port/generate_virtual_channels[2].input_buffer/circular_buffer/memory_reg[5][data][1]' (FDE) to 'mesh_row[0].mesh_col[0].routeri_0/input_block/generate_input_ports[3].input_port/generate_virtual_channels[2].input_buffer/circular_buffer/memory_reg[5][flit_label][1]'
INFO: [Synth 8-3886] merging instance 'mesh_row[0].mesh_col[0].routeri_0/input_block/generate_input_ports[3].input_port/generate_virtual_channels[2].input_buffer/circular_buffer/memory_reg[4][data][1]' (FDE) to 'mesh_row[0].mesh_col[0].routeri_0/input_block/generate_input_ports[3].input_port/generate_virtual_channels[2].input_buffer/circular_buffer/memory_reg[4][flit_label][1]'
INFO: [Synth 8-3886] merging instance 'mesh_row[0].mesh_col[0].routeri_0/input_block/generate_input_ports[3].input_port/generate_virtual_channels[2].input_buffer/circular_buffer/memory_reg[7][data][1]' (FDE) to 'mesh_row[0].mesh_col[0].routeri_0/input_block/generate_input_ports[3].input_port/generate_virtual_channels[2].input_buffer/circular_buffer/memory_reg[7][flit_label][1]'
INFO: [Synth 8-3886] merging instance 'mesh_row[0].mesh_col[0].routeri_0/input_block/generate_input_ports[3].input_port/generate_virtual_channels[2].input_buffer/circular_buffer/memory_reg[6][data][1]' (FDE) to 'mesh_row[0].mesh_col[0].routeri_0/input_block/generate_input_ports[3].input_port/generate_virtual_channels[2].input_buffer/circular_buffer/memory_reg[6][flit_label][1]'
INFO: [Synth 8-3886] merging instance 'mesh_row[0].mesh_col[0].routeri_0/input_block/generate_input_ports[3].input_port/generate_virtual_channels[2].input_buffer/circular_buffer/memory_reg[1][data][1]' (FDE) to 'mesh_row[0].mesh_col[0].routeri_0/input_block/generate_input_ports[3].input_port/generate_virtual_channels[2].input_buffer/circular_buffer/memory_reg[1][flit_label][1]'
INFO: [Synth 8-3886] merging instance 'mesh_row[0].mesh_col[0].routeri_0/input_block/generate_input_ports[3].input_port/generate_virtual_channels[2].input_buffer/circular_buffer/memory_reg[0][data][1]' (FDE) to 'mesh_row[0].mesh_col[0].routeri_0/input_block/generate_input_ports[3].input_port/generate_virtual_channels[2].input_buffer/circular_buffer/memory_reg[0][flit_label][1]'
INFO: [Synth 8-3886] merging instance 'mesh_row[0].mesh_col[0].routeri_0/input_block/generate_input_ports[3].input_port/generate_virtual_channels[2].input_buffer/circular_buffer/memory_reg[3][data][1]' (FDE) to 'mesh_row[0].mesh_col[0].routeri_0/input_block/generate_input_ports[3].input_port/generate_virtual_channels[2].input_buffer/circular_buffer/memory_reg[3][flit_label][1]'
INFO: [Synth 8-3886] merging instance 'mesh_row[0].mesh_col[0].routeri_0/input_block/generate_input_ports[3].input_port/generate_virtual_channels[2].input_buffer/circular_buffer/memory_reg[2][data][1]' (FDE) to 'mesh_row[0].mesh_col[0].routeri_0/input_block/generate_input_ports[3].input_port/generate_virtual_channels[2].input_buffer/circular_buffer/memory_reg[2][flit_label][1]'
INFO: [Synth 8-3886] merging instance 'mesh_row[0].mesh_col[0].routeri_0/input_block/generate_input_ports[3].input_port/generate_virtual_channels[1].input_buffer/circular_buffer/memory_reg[5][data][1]' (FDE) to 'mesh_row[0].mesh_col[0].routeri_0/input_block/generate_input_ports[3].input_port/generate_virtual_channels[1].input_buffer/circular_buffer/memory_reg[5][flit_label][1]'
INFO: [Synth 8-3886] merging instance 'mesh_row[0].mesh_col[0].routeri_0/input_block/generate_input_ports[3].input_port/generate_virtual_channels[1].input_buffer/circular_buffer/memory_reg[4][data][1]' (FDE) to 'mesh_row[0].mesh_col[0].routeri_0/input_block/generate_input_ports[3].input_port/generate_virtual_channels[1].input_buffer/circular_buffer/memory_reg[4][flit_label][1]'
INFO: [Synth 8-3886] merging instance 'mesh_row[0].mesh_col[0].routeri_0/input_block/generate_input_ports[3].input_port/generate_virtual_channels[1].input_buffer/circular_buffer/memory_reg[7][data][1]' (FDE) to 'mesh_row[0].mesh_col[0].routeri_0/input_block/generate_input_ports[3].input_port/generate_virtual_channels[1].input_buffer/circular_buffer/memory_reg[7][flit_label][1]'
INFO: [Synth 8-3886] merging instance 'mesh_row[0].mesh_col[0].routeri_0/input_block/generate_input_ports[3].input_port/generate_virtual_channels[1].input_buffer/circular_buffer/memory_reg[6][data][1]' (FDE) to 'mesh_row[0].mesh_col[0].routeri_0/input_block/generate_input_ports[3].input_port/generate_virtual_channels[1].input_buffer/circular_buffer/memory_reg[6][flit_label][1]'
INFO: [Synth 8-3886] merging instance 'mesh_row[0].mesh_col[0].routeri_0/input_block/generate_input_ports[3].input_port/generate_virtual_channels[1].input_buffer/circular_buffer/memory_reg[1][data][1]' (FDE) to 'mesh_row[0].mesh_col[0].routeri_0/input_block/generate_input_ports[3].input_port/generate_virtual_channels[1].input_buffer/circular_buffer/memory_reg[1][flit_label][1]'
INFO: [Synth 8-3886] merging instance 'mesh_row[0].mesh_col[0].routeri_0/input_block/generate_input_ports[3].input_port/generate_virtual_channels[1].input_buffer/circular_buffer/memory_reg[0][data][1]' (FDE) to 'mesh_row[0].mesh_col[0].routeri_0/input_block/generate_input_ports[3].input_port/generate_virtual_channels[1].input_buffer/circular_buffer/memory_reg[0][flit_label][1]'
INFO: [Synth 8-3886] merging instance 'mesh_row[0].mesh_col[0].routeri_0/input_block/generate_input_ports[3].input_port/generate_virtual_channels[1].input_buffer/circular_buffer/memory_reg[3][data][1]' (FDE) to 'mesh_row[0].mesh_col[0].routeri_0/input_block/generate_input_ports[3].input_port/generate_virtual_channels[1].input_buffer/circular_buffer/memory_reg[3][flit_label][1]'
INFO: [Synth 8-3886] merging instance 'mesh_row[0].mesh_col[0].routeri_0/input_block/generate_input_ports[3].input_port/generate_virtual_channels[1].input_buffer/circular_buffer/memory_reg[2][data][1]' (FDE) to 'mesh_row[0].mesh_col[0].routeri_0/input_block/generate_input_ports[3].input_port/generate_virtual_channels[1].input_buffer/circular_buffer/memory_reg[2][flit_label][1]'
INFO: [Synth 8-3886] merging instance 'mesh_row[0].mesh_col[0].routeri_0/input_block/generate_input_ports[3].input_port/generate_virtual_channels[0].input_buffer/circular_buffer/memory_reg[5][data][1]' (FDE) to 'mesh_row[0].mesh_col[0].routeri_0/input_block/generate_input_ports[3].input_port/generate_virtual_channels[0].input_buffer/circular_buffer/memory_reg[5][flit_label][1]'
INFO: [Synth 8-3886] merging instance 'mesh_row[0].mesh_col[0].routeri_0/input_block/generate_input_ports[3].input_port/generate_virtual_channels[0].input_buffer/circular_buffer/memory_reg[4][data][1]' (FDE) to 'mesh_row[0].mesh_col[0].routeri_0/input_block/generate_input_ports[3].input_port/generate_virtual_channels[0].input_buffer/circular_buffer/memory_reg[4][flit_label][1]'
INFO: [Synth 8-3886] merging instance 'mesh_row[0].mesh_col[0].routeri_0/input_block/generate_input_ports[3].input_port/generate_virtual_channels[0].input_buffer/circular_buffer/memory_reg[7][data][1]' (FDE) to 'mesh_row[0].mesh_col[0].routeri_0/input_block/generate_input_ports[3].input_port/generate_virtual_channels[0].input_buffer/circular_buffer/memory_reg[7][data][21]'
INFO: [Synth 8-3886] merging instance 'mesh_row[0].mesh_col[0].routeri_0/input_block/generate_input_ports[3].input_port/generate_virtual_channels[0].input_buffer/circular_buffer/memory_reg[6][data][1]' (FDE) to 'mesh_row[0].mesh_col[0].routeri_0/input_block/generate_input_ports[3].input_port/generate_virtual_channels[0].input_buffer/circular_buffer/memory_reg[6][flit_label][1]'
INFO: [Synth 8-3886] merging instance 'mesh_row[0].mesh_col[0].routeri_0/input_block/generate_input_ports[3].input_port/generate_virtual_channels[0].input_buffer/circular_buffer/memory_reg[1][data][1]' (FDE) to 'mesh_row[0].mesh_col[0].routeri_0/input_block/generate_input_ports[3].input_port/generate_virtual_channels[0].input_buffer/circular_buffer/memory_reg[1][flit_label][1]'
INFO: [Synth 8-3886] merging instance 'mesh_row[0].mesh_col[0].routeri_0/input_block/generate_input_ports[3].input_port/generate_virtual_channels[0].input_buffer/circular_buffer/memory_reg[0][data][1]' (FDE) to 'mesh_row[0].mesh_col[0].routeri_0/input_block/generate_input_ports[3].input_port/generate_virtual_channels[0].input_buffer/circular_buffer/memory_reg[0][flit_label][1]'
INFO: [Synth 8-3886] merging instance 'mesh_row[0].mesh_col[0].routeri_0/input_block/generate_input_ports[3].input_port/generate_virtual_channels[0].input_buffer/circular_buffer/memory_reg[3][data][1]' (FDE) to 'mesh_row[0].mesh_col[0].routeri_0/input_block/generate_input_ports[3].input_port/generate_virtual_channels[0].input_buffer/circular_buffer/memory_reg[3][flit_label][1]'
INFO: [Synth 8-3886] merging instance 'mesh_row[0].mesh_col[0].routeri_0/input_block/generate_input_ports[3].input_port/generate_virtual_channels[0].input_buffer/circular_buffer/memory_reg[2][data][1]' (FDE) to 'mesh_row[0].mesh_col[0].routeri_0/input_block/generate_input_ports[3].input_port/generate_virtual_channels[0].input_buffer/circular_buffer/memory_reg[2][flit_label][1]'
INFO: [Synth 8-3886] merging instance 'mesh_row[0].mesh_col[0].routeri_0/input_block/generate_input_ports[1].input_port/generate_virtual_channels[2].input_buffer/circular_buffer/memory_reg[5][data][1]' (FDE) to 'mesh_row[0].mesh_col[0].routeri_0/input_block/generate_input_ports[1].input_port/generate_virtual_channels[2].input_buffer/circular_buffer/memory_reg[5][flit_label][1]'
INFO: [Synth 8-3886] merging instance 'mesh_row[0].mesh_col[0].routeri_0/input_block/generate_input_ports[1].input_port/generate_virtual_channels[2].input_buffer/circular_buffer/memory_reg[4][data][1]' (FDE) to 'mesh_row[0].mesh_col[0].routeri_0/input_block/generate_input_ports[1].input_port/generate_virtual_channels[2].input_buffer/circular_buffer/memory_reg[4][flit_label][1]'
INFO: [Synth 8-3886] merging instance 'mesh_row[0].mesh_col[0].routeri_0/input_block/generate_input_ports[1].input_port/generate_virtual_channels[2].input_buffer/circular_buffer/memory_reg[7][data][1]' (FDE) to 'mesh_row[0].mesh_col[0].routeri_0/input_block/generate_input_ports[1].input_port/generate_virtual_channels[2].input_buffer/circular_buffer/memory_reg[7][flit_label][1]'
INFO: [Synth 8-3886] merging instance 'mesh_row[0].mesh_col[0].routeri_0/input_block/generate_input_ports[1].input_port/generate_virtual_channels[2].input_buffer/circular_buffer/memory_reg[6][data][1]' (FDE) to 'mesh_row[0].mesh_col[0].routeri_0/input_block/generate_input_ports[1].input_port/generate_virtual_channels[2].input_buffer/circular_buffer/memory_reg[6][flit_label][1]'
INFO: [Synth 8-3886] merging instance 'mesh_row[0].mesh_col[0].routeri_0/input_block/generate_input_ports[1].input_port/generate_virtual_channels[2].input_buffer/circular_buffer/memory_reg[1][data][1]' (FDE) to 'mesh_row[0].mesh_col[0].routeri_0/input_block/generate_input_ports[1].input_port/generate_virtual_channels[2].input_buffer/circular_buffer/memory_reg[1][flit_label][1]'
INFO: [Synth 8-3886] merging instance 'mesh_row[0].mesh_col[0].routeri_0/input_block/generate_input_ports[1].input_port/generate_virtual_channels[2].input_buffer/circular_buffer/memory_reg[0][data][1]' (FDE) to 'mesh_row[0].mesh_col[0].routeri_0/input_block/generate_input_ports[1].input_port/generate_virtual_channels[2].input_buffer/circular_buffer/memory_reg[0][flit_label][1]'
INFO: [Synth 8-3886] merging instance 'mesh_row[0].mesh_col[0].routeri_0/input_block/generate_input_ports[1].input_port/generate_virtual_channels[2].input_buffer/circular_buffer/memory_reg[3][data][1]' (FDE) to 'mesh_row[0].mesh_col[0].routeri_0/input_block/generate_input_ports[1].input_port/generate_virtual_channels[2].input_buffer/circular_buffer/memory_reg[3][flit_label][1]'
INFO: [Synth 8-3886] merging instance 'mesh_row[0].mesh_col[0].routeri_0/input_block/generate_input_ports[1].input_port/generate_virtual_channels[2].input_buffer/circular_buffer/memory_reg[2][data][1]' (FDE) to 'mesh_row[0].mesh_col[0].routeri_0/input_block/generate_input_ports[1].input_port/generate_virtual_channels[2].input_buffer/circular_buffer/memory_reg[2][flit_label][1]'
INFO: [Synth 8-3886] merging instance 'mesh_row[0].mesh_col[0].routeri_0/input_block/generate_input_ports[1].input_port/generate_virtual_channels[1].input_buffer/circular_buffer/memory_reg[5][data][1]' (FDE) to 'mesh_row[0].mesh_col[0].routeri_0/input_block/generate_input_ports[1].input_port/generate_virtual_channels[1].input_buffer/circular_buffer/memory_reg[5][flit_label][1]'
INFO: [Synth 8-3886] merging instance 'mesh_row[0].mesh_col[0].routeri_0/input_block/generate_input_ports[1].input_port/generate_virtual_channels[1].input_buffer/circular_buffer/memory_reg[4][data][1]' (FDE) to 'mesh_row[0].mesh_col[0].routeri_0/input_block/generate_input_ports[1].input_port/generate_virtual_channels[1].input_buffer/circular_buffer/memory_reg[4][flit_label][1]'
INFO: [Synth 8-3886] merging instance 'mesh_row[0].mesh_col[0].routeri_0/input_block/generate_input_ports[1].input_port/generate_virtual_channels[1].input_buffer/circular_buffer/memory_reg[7][data][1]' (FDE) to 'mesh_row[0].mesh_col[0].routeri_0/input_block/generate_input_ports[1].input_port/generate_virtual_channels[1].input_buffer/circular_buffer/memory_reg[7][flit_label][1]'
INFO: [Synth 8-3886] merging instance 'mesh_row[0].mesh_col[0].routeri_0/input_block/generate_input_ports[1].input_port/generate_virtual_channels[1].input_buffer/circular_buffer/memory_reg[6][data][1]' (FDE) to 'mesh_row[0].mesh_col[0].routeri_0/input_block/generate_input_ports[1].input_port/generate_virtual_channels[1].input_buffer/circular_buffer/memory_reg[6][flit_label][1]'
INFO: [Synth 8-3886] merging instance 'mesh_row[0].mesh_col[0].routeri_0/input_block/generate_input_ports[1].input_port/generate_virtual_channels[1].input_buffer/circular_buffer/memory_reg[1][data][1]' (FDE) to 'mesh_row[0].mesh_col[0].routeri_0/input_block/generate_input_ports[1].input_port/generate_virtual_channels[1].input_buffer/circular_buffer/memory_reg[1][flit_label][1]'
INFO: [Synth 8-3886] merging instance 'mesh_row[0].mesh_col[0].routeri_0/input_block/generate_input_ports[1].input_port/generate_virtual_channels[1].input_buffer/circular_buffer/memory_reg[0][data][1]' (FDE) to 'mesh_row[0].mesh_col[0].routeri_0/input_block/generate_input_ports[1].input_port/generate_virtual_channels[1].input_buffer/circular_buffer/memory_reg[0][flit_label][1]'
INFO: [Synth 8-3886] merging instance 'mesh_row[0].mesh_col[0].routeri_0/input_block/generate_input_ports[1].input_port/generate_virtual_channels[1].input_buffer/circular_buffer/memory_reg[3][data][1]' (FDE) to 'mesh_row[0].mesh_col[0].routeri_0/input_block/generate_input_ports[1].input_port/generate_virtual_channels[1].input_buffer/circular_buffer/memory_reg[3][flit_label][1]'
INFO: [Synth 8-3886] merging instance 'mesh_row[0].mesh_col[0].routeri_0/input_block/generate_input_ports[1].input_port/generate_virtual_channels[1].input_buffer/circular_buffer/memory_reg[2][data][1]' (FDE) to 'mesh_row[0].mesh_col[0].routeri_0/input_block/generate_input_ports[1].input_port/generate_virtual_channels[1].input_buffer/circular_buffer/memory_reg[2][flit_label][1]'
INFO: [Synth 8-3886] merging instance 'mesh_row[0].mesh_col[0].routeri_0/input_block/generate_input_ports[1].input_port/generate_virtual_channels[0].input_buffer/circular_buffer/memory_reg[5][data][1]' (FDE) to 'mesh_row[0].mesh_col[0].routeri_0/input_block/generate_input_ports[1].input_port/generate_virtual_channels[0].input_buffer/circular_buffer/memory_reg[5][flit_label][1]'
INFO: [Synth 8-3886] merging instance 'mesh_row[0].mesh_col[0].routeri_0/input_block/generate_input_ports[1].input_port/generate_virtual_channels[0].input_buffer/circular_buffer/memory_reg[4][data][1]' (FDE) to 'mesh_row[0].mesh_col[0].routeri_0/input_block/generate_input_ports[1].input_port/generate_virtual_channels[0].input_buffer/circular_buffer/memory_reg[4][flit_label][1]'
INFO: [Synth 8-3886] merging instance 'mesh_row[0].mesh_col[0].routeri_0/input_block/generate_input_ports[1].input_port/generate_virtual_channels[0].input_buffer/circular_buffer/memory_reg[7][data][1]' (FDE) to 'mesh_row[0].mesh_col[0].routeri_0/input_block/generate_input_ports[1].input_port/generate_virtual_channels[0].input_buffer/circular_buffer/memory_reg[7][data][21]'
INFO: [Synth 8-3886] merging instance 'mesh_row[0].mesh_col[0].routeri_0/input_block/generate_input_ports[1].input_port/generate_virtual_channels[0].input_buffer/circular_buffer/memory_reg[6][data][1]' (FDE) to 'mesh_row[0].mesh_col[0].routeri_0/input_block/generate_input_ports[1].input_port/generate_virtual_channels[0].input_buffer/circular_buffer/memory_reg[6][flit_label][1]'
INFO: [Synth 8-3886] merging instance 'mesh_row[0].mesh_col[0].routeri_0/input_block/generate_input_ports[1].input_port/generate_virtual_channels[0].input_buffer/circular_buffer/memory_reg[1][data][1]' (FDE) to 'mesh_row[0].mesh_col[0].routeri_0/input_block/generate_input_ports[1].input_port/generate_virtual_channels[0].input_buffer/circular_buffer/memory_reg[1][flit_label][1]'
INFO: [Synth 8-3886] merging instance 'mesh_row[0].mesh_col[0].routeri_0/input_block/generate_input_ports[1].input_port/generate_virtual_channels[0].input_buffer/circular_buffer/memory_reg[0][data][1]' (FDE) to 'mesh_row[0].mesh_col[0].routeri_0/input_block/generate_input_ports[1].input_port/generate_virtual_channels[0].input_buffer/circular_buffer/memory_reg[0][flit_label][1]'
INFO: [Synth 8-3886] merging instance 'mesh_row[0].mesh_col[0].routeri_0/input_block/generate_input_ports[1].input_port/generate_virtual_channels[0].input_buffer/circular_buffer/memory_reg[3][data][1]' (FDE) to 'mesh_row[0].mesh_col[0].routeri_0/input_block/generate_input_ports[1].input_port/generate_virtual_channels[0].input_buffer/circular_buffer/memory_reg[3][flit_label][1]'
INFO: [Synth 8-3886] merging instance 'mesh_row[0].mesh_col[0].routeri_0/input_block/generate_input_ports[1].input_port/generate_virtual_channels[0].input_buffer/circular_buffer/memory_reg[2][data][1]' (FDE) to 'mesh_row[0].mesh_col[0].routeri_0/input_block/generate_input_ports[1].input_port/generate_virtual_channels[0].input_buffer/circular_buffer/memory_reg[2][flit_label][1]'
INFO: [Synth 8-3886] merging instance 'mesh_row[0].mesh_col[0].routeri_0/input_block/generate_input_ports[3].input_port/generate_virtual_channels[0].input_buffer/circular_buffer/memory_reg[7][data][2]' (FDE) to 'mesh_row[0].mesh_col[0].routeri_0/input_block/generate_input_ports[3].input_port/generate_virtual_channels[0].input_buffer/circular_buffer/memory_reg[7][data][21]'
INFO: [Synth 8-3886] merging instance 'mesh_row[0].mesh_col[0].routeri_0/input_block/generate_input_ports[1].input_port/generate_virtual_channels[0].input_buffer/circular_buffer/memory_reg[7][data][2]' (FDE) to 'mesh_row[0].mesh_col[0].routeri_0/input_block/generate_input_ports[1].input_port/generate_virtual_channels[0].input_buffer/circular_buffer/memory_reg[7][data][21]'
INFO: [Synth 8-3886] merging instance 'mesh_row[0].mesh_col[0].routeri_0/input_block/generate_input_ports[1].input_port/generate_virtual_channels[0].input_buffer/circular_buffer/memory_reg[7][data][3]' (FDE) to 'mesh_row[0].mesh_col[0].routeri_0/input_block/generate_input_ports[1].input_port/generate_virtual_channels[0].input_buffer/circular_buffer/memory_reg[7][data][21]'
INFO: [Synth 8-3886] merging instance 'mesh_row[0].mesh_col[0].routeri_0/input_block/generate_input_ports[3].input_port/generate_virtual_channels[0].input_buffer/circular_buffer/memory_reg[7][data][3]' (FDE) to 'mesh_row[0].mesh_col[0].routeri_0/input_block/generate_input_ports[3].input_port/generate_virtual_channels[0].input_buffer/circular_buffer/memory_reg[7][data][21]'
INFO: [Common 17-14] Message 'Synth 8-3886' appears 100 times and further instances of the messages will be disabled. Use the Tcl command set_msg_config to change the current settings.
WARNING: [Synth 8-3332] Sequential element (rc_unit/out_port_o_reg[2]) is unused and will be removed from module input_port__2.
WARNING: [Synth 8-3332] Sequential element (rc_unit/out_port_o_reg[1]) is unused and will be removed from module input_port__2.
WARNING: [Synth 8-3332] Sequential element (data_cmd_reg[3][data][21]) is unused and will be removed from module input_port__2.
WARNING: [Synth 8-3332] Sequential element (data_cmd_reg[3][data][20]) is unused and will be removed from module input_port__2.
WARNING: [Synth 8-3332] Sequential element (data_cmd_reg[3][data][19]) is unused and will be removed from module input_port__2.
WARNING: [Synth 8-3332] Sequential element (data_cmd_reg[3][data][18]) is unused and will be removed from module input_port__2.
WARNING: [Synth 8-3332] Sequential element (data_cmd_reg[3][data][17]) is unused and will be removed from module input_port__2.
WARNING: [Synth 8-3332] Sequential element (data_cmd_reg[3][data][16]) is unused and will be removed from module input_port__2.
WARNING: [Synth 8-3332] Sequential element (data_cmd_reg[3][data][15]) is unused and will be removed from module input_port__2.
WARNING: [Synth 8-3332] Sequential element (data_cmd_reg[3][data][14]) is unused and will be removed from module input_port__2.
WARNING: [Synth 8-3332] Sequential element (data_cmd_reg[3][data][13]) is unused and will be removed from module input_port__2.
WARNING: [Synth 8-3332] Sequential element (data_cmd_reg[3][data][12]) is unused and will be removed from module input_port__2.
WARNING: [Synth 8-3332] Sequential element (data_cmd_reg[3][data][11]) is unused and will be removed from module input_port__2.
WARNING: [Synth 8-3332] Sequential element (data_cmd_reg[3][data][10]) is unused and will be removed from module input_port__2.
WARNING: [Synth 8-3332] Sequential element (data_cmd_reg[3][data][9]) is unused and will be removed from module input_port__2.
WARNING: [Synth 8-3332] Sequential element (data_cmd_reg[3][data][8]) is unused and will be removed from module input_port__2.
WARNING: [Synth 8-3332] Sequential element (data_cmd_reg[3][data][7]) is unused and will be removed from module input_port__2.
WARNING: [Synth 8-3332] Sequential element (data_cmd_reg[3][data][6]) is unused and will be removed from module input_port__2.
WARNING: [Synth 8-3332] Sequential element (data_cmd_reg[3][data][5]) is unused and will be removed from module input_port__2.
WARNING: [Synth 8-3332] Sequential element (data_cmd_reg[3][data][4]) is unused and will be removed from module input_port__2.
WARNING: [Synth 8-3332] Sequential element (data_cmd_reg[3][data][3]) is unused and will be removed from module input_port__2.
WARNING: [Synth 8-3332] Sequential element (data_cmd_reg[3][data][2]) is unused and will be removed from module input_port__2.
WARNING: [Synth 8-3332] Sequential element (data_cmd_reg[3][data][1]) is unused and will be removed from module input_port__2.
WARNING: [Synth 8-3332] Sequential element (data_cmd_reg[3][data][0]) is unused and will be removed from module input_port__2.
WARNING: [Synth 8-3332] Sequential element (data_cmd_reg[3][flit_label][1]) is unused and will be removed from module input_port__2.
WARNING: [Synth 8-3332] Sequential element (data_cmd_reg[3][flit_label][0]) is unused and will be removed from module input_port__2.
WARNING: [Synth 8-3332] Sequential element (rc_unit/out_port_o_reg[2]) is unused and will be removed from module input_port__4.
WARNING: [Synth 8-3332] Sequential element (rc_unit/out_port_o_reg[1]) is unused and will be removed from module input_port__4.
WARNING: [Synth 8-3332] Sequential element (data_cmd_reg[3][data][21]) is unused and will be removed from module input_port__4.
WARNING: [Synth 8-3332] Sequential element (data_cmd_reg[3][data][20]) is unused and will be removed from module input_port__4.
WARNING: [Synth 8-3332] Sequential element (data_cmd_reg[3][data][19]) is unused and will be removed from module input_port__4.
WARNING: [Synth 8-3332] Sequential element (data_cmd_reg[3][data][18]) is unused and will be removed from module input_port__4.
WARNING: [Synth 8-3332] Sequential element (data_cmd_reg[3][data][17]) is unused and will be removed from module input_port__4.
WARNING: [Synth 8-3332] Sequential element (data_cmd_reg[3][data][16]) is unused and will be removed from module input_port__4.
WARNING: [Synth 8-3332] Sequential element (data_cmd_reg[3][data][15]) is unused and will be removed from module input_port__4.
WARNING: [Synth 8-3332] Sequential element (data_cmd_reg[3][data][14]) is unused and will be removed from module input_port__4.
WARNING: [Synth 8-3332] Sequential element (data_cmd_reg[3][data][13]) is unused and will be removed from module input_port__4.
WARNING: [Synth 8-3332] Sequential element (data_cmd_reg[3][data][12]) is unused and will be removed from module input_port__4.
WARNING: [Synth 8-3332] Sequential element (data_cmd_reg[3][data][11]) is unused and will be removed from module input_port__4.
WARNING: [Synth 8-3332] Sequential element (data_cmd_reg[3][data][10]) is unused and will be removed from module input_port__4.
WARNING: [Synth 8-3332] Sequential element (data_cmd_reg[3][data][9]) is unused and will be removed from module input_port__4.
WARNING: [Synth 8-3332] Sequential element (data_cmd_reg[3][data][8]) is unused and will be removed from module input_port__4.
WARNING: [Synth 8-3332] Sequential element (data_cmd_reg[3][data][7]) is unused and will be removed from module input_port__4.
WARNING: [Synth 8-3332] Sequential element (data_cmd_reg[3][data][6]) is unused and will be removed from module input_port__4.
WARNING: [Synth 8-3332] Sequential element (data_cmd_reg[3][data][5]) is unused and will be removed from module input_port__4.
WARNING: [Synth 8-3332] Sequential element (data_cmd_reg[3][data][4]) is unused and will be removed from module input_port__4.
WARNING: [Synth 8-3332] Sequential element (data_cmd_reg[3][data][3]) is unused and will be removed from module input_port__4.
WARNING: [Synth 8-3332] Sequential element (data_cmd_reg[3][data][2]) is unused and will be removed from module input_port__4.
WARNING: [Synth 8-3332] Sequential element (data_cmd_reg[3][data][1]) is unused and will be removed from module input_port__4.
WARNING: [Synth 8-3332] Sequential element (data_cmd_reg[3][data][0]) is unused and will be removed from module input_port__4.
WARNING: [Synth 8-3332] Sequential element (data_cmd_reg[3][flit_label][1]) is unused and will be removed from module input_port__4.
WARNING: [Synth 8-3332] Sequential element (data_cmd_reg[3][flit_label][0]) is unused and will be removed from module input_port__4.
WARNING: [Synth 8-3332] Sequential element (rc_unit/out_port_o_reg[2]) is unused and will be removed from module input_port__parameterized4__3.
WARNING: [Synth 8-3332] Sequential element (rc_unit/out_port_o_reg[1]) is unused and will be removed from module input_port__parameterized4__3.
WARNING: [Synth 8-3332] Sequential element (rc_unit/out_port_o_reg[0]) is unused and will be removed from module input_port__parameterized4__3.
WARNING: [Synth 8-3332] Sequential element (data_cmd_reg[3][data][21]) is unused and will be removed from module input_port__parameterized4__3.
WARNING: [Synth 8-3332] Sequential element (data_cmd_reg[3][data][20]) is unused and will be removed from module input_port__parameterized4__3.
WARNING: [Synth 8-3332] Sequential element (data_cmd_reg[3][data][19]) is unused and will be removed from module input_port__parameterized4__3.
WARNING: [Synth 8-3332] Sequential element (data_cmd_reg[3][data][18]) is unused and will be removed from module input_port__parameterized4__3.
WARNING: [Synth 8-3332] Sequential element (data_cmd_reg[3][data][17]) is unused and will be removed from module input_port__parameterized4__3.
WARNING: [Synth 8-3332] Sequential element (data_cmd_reg[3][data][16]) is unused and will be removed from module input_port__parameterized4__3.
WARNING: [Synth 8-3332] Sequential element (data_cmd_reg[3][data][15]) is unused and will be removed from module input_port__parameterized4__3.
WARNING: [Synth 8-3332] Sequential element (data_cmd_reg[3][data][14]) is unused and will be removed from module input_port__parameterized4__3.
WARNING: [Synth 8-3332] Sequential element (data_cmd_reg[3][data][13]) is unused and will be removed from module input_port__parameterized4__3.
WARNING: [Synth 8-3332] Sequential element (data_cmd_reg[3][data][12]) is unused and will be removed from module input_port__parameterized4__3.
WARNING: [Synth 8-3332] Sequential element (data_cmd_reg[3][data][11]) is unused and will be removed from module input_port__parameterized4__3.
WARNING: [Synth 8-3332] Sequential element (data_cmd_reg[3][data][10]) is unused and will be removed from module input_port__parameterized4__3.
WARNING: [Synth 8-3332] Sequential element (data_cmd_reg[3][data][9]) is unused and will be removed from module input_port__parameterized4__3.
WARNING: [Synth 8-3332] Sequential element (data_cmd_reg[3][data][8]) is unused and will be removed from module input_port__parameterized4__3.
WARNING: [Synth 8-3332] Sequential element (data_cmd_reg[3][data][7]) is unused and will be removed from module input_port__parameterized4__3.
WARNING: [Synth 8-3332] Sequential element (data_cmd_reg[3][data][6]) is unused and will be removed from module input_port__parameterized4__3.
WARNING: [Synth 8-3332] Sequential element (data_cmd_reg[3][data][5]) is unused and will be removed from module input_port__parameterized4__3.
WARNING: [Synth 8-3332] Sequential element (data_cmd_reg[3][data][4]) is unused and will be removed from module input_port__parameterized4__3.
WARNING: [Synth 8-3332] Sequential element (data_cmd_reg[3][data][3]) is unused and will be removed from module input_port__parameterized4__3.
WARNING: [Synth 8-3332] Sequential element (data_cmd_reg[3][data][2]) is unused and will be removed from module input_port__parameterized4__3.
WARNING: [Synth 8-3332] Sequential element (data_cmd_reg[3][data][1]) is unused and will be removed from module input_port__parameterized4__3.
WARNING: [Synth 8-3332] Sequential element (data_cmd_reg[3][data][0]) is unused and will be removed from module input_port__parameterized4__3.
WARNING: [Synth 8-3332] Sequential element (data_cmd_reg[3][flit_label][1]) is unused and will be removed from module input_port__parameterized4__3.
WARNING: [Synth 8-3332] Sequential element (data_cmd_reg[3][flit_label][0]) is unused and will be removed from module input_port__parameterized4__3.
WARNING: [Synth 8-3332] Sequential element (rc_unit/out_port_o_reg[2]) is unused and will be removed from module input_port__parameterized4.
WARNING: [Synth 8-3332] Sequential element (rc_unit/out_port_o_reg[1]) is unused and will be removed from module input_port__parameterized4.
WARNING: [Synth 8-3332] Sequential element (rc_unit/out_port_o_reg[0]) is unused and will be removed from module input_port__parameterized4.
WARNING: [Synth 8-3332] Sequential element (data_cmd_reg[3][data][21]) is unused and will be removed from module input_port__parameterized4.
WARNING: [Synth 8-3332] Sequential element (data_cmd_reg[3][data][20]) is unused and will be removed from module input_port__parameterized4.
WARNING: [Synth 8-3332] Sequential element (data_cmd_reg[3][data][19]) is unused and will be removed from module input_port__parameterized4.
WARNING: [Synth 8-3332] Sequential element (data_cmd_reg[3][data][18]) is unused and will be removed from module input_port__parameterized4.
WARNING: [Synth 8-3332] Sequential element (data_cmd_reg[3][data][17]) is unused and will be removed from module input_port__parameterized4.
WARNING: [Synth 8-3332] Sequential element (data_cmd_reg[3][data][16]) is unused and will be removed from module input_port__parameterized4.
WARNING: [Synth 8-3332] Sequential element (data_cmd_reg[3][data][15]) is unused and will be removed from module input_port__parameterized4.
WARNING: [Synth 8-3332] Sequential element (data_cmd_reg[3][data][14]) is unused and will be removed from module input_port__parameterized4.
WARNING: [Synth 8-3332] Sequential element (data_cmd_reg[3][data][13]) is unused and will be removed from module input_port__parameterized4.
WARNING: [Synth 8-3332] Sequential element (data_cmd_reg[3][data][12]) is unused and will be removed from module input_port__parameterized4.
WARNING: [Synth 8-3332] Sequential element (data_cmd_reg[3][data][11]) is unused and will be removed from module input_port__parameterized4.
WARNING: [Synth 8-3332] Sequential element (data_cmd_reg[3][data][10]) is unused and will be removed from module input_port__parameterized4.
WARNING: [Synth 8-3332] Sequential element (data_cmd_reg[3][data][9]) is unused and will be removed from module input_port__parameterized4.
INFO: [Common 17-14] Message 'Synth 8-3332' appears 100 times and further instances of the messages will be disabled. Use the Tcl command set_msg_config to change the current settings.
---------------------------------------------------------------------------------
Finished Timing Optimization : Time (s): cpu = 00:01:35 ; elapsed = 00:02:27 . Memory (MB): peak = 1846.250 ; gain = 1382.453
---------------------------------------------------------------------------------

Report RTL Partitions: 
+------+----------------------------+------------+----------+
|      |RTL Partition               |Replication |Instances |
+------+----------------------------+------------+----------+
|1     |vc_allocator                |           1|       996|
|2     |router__GC0                 |           1|     13051|
|3     |router__parameterized0__GC0 |           1|     13622|
|4     |router__parameterized1__GC0 |           1|     18233|
|5     |router__parameterized2__GC0 |           1|     18162|
|6     |router__parameterized3__GC0 |           1|     13470|
|7     |router__parameterized4__GC0 |           1|     13615|
|8     |vc_allocator__1             |           1|      1389|
|9     |vc_allocator__2             |           1|      1782|
|10    |vc_allocator__3             |           1|      1782|
|11    |vc_allocator__4             |           1|      1389|
|12    |vc_allocator__5             |           1|      1389|
+------+----------------------------+------------+----------+
---------------------------------------------------------------------------------
Start Technology Mapping
---------------------------------------------------------------------------------
---------------------------------------------------------------------------------
Finished Technology Mapping : Time (s): cpu = 00:01:39 ; elapsed = 00:02:33 . Memory (MB): peak = 1846.250 ; gain = 1382.453
---------------------------------------------------------------------------------

Report RTL Partitions: 
+------+----------------------------+------------+----------+
|      |RTL Partition               |Replication |Instances |
+------+----------------------------+------------+----------+
|1     |vc_allocator                |           1|       237|
|2     |router__GC0                 |           1|      8195|
|3     |router__parameterized0__GC0 |           1|      8550|
|4     |router__parameterized1__GC0 |           1|     11568|
|5     |router__parameterized2__GC0 |           1|     11494|
|6     |router__parameterized3__GC0 |           1|      8532|
|7     |router__parameterized4__GC0 |           1|      8539|
|8     |vc_allocator__1             |           1|       451|
|9     |vc_allocator__2             |           1|       556|
|10    |vc_allocator__3             |           1|       554|
|11    |vc_allocator__4             |           1|       431|
|12    |vc_allocator__5             |           1|       439|
+------+----------------------------+------------+----------+
---------------------------------------------------------------------------------
Start IO Insertion
---------------------------------------------------------------------------------
---------------------------------------------------------------------------------
Start Flattening Before IO Insertion
---------------------------------------------------------------------------------
---------------------------------------------------------------------------------
Finished Flattening Before IO Insertion
---------------------------------------------------------------------------------
---------------------------------------------------------------------------------
Start Final Netlist Cleanup
---------------------------------------------------------------------------------
---------------------------------------------------------------------------------
Finished Final Netlist Cleanup
---------------------------------------------------------------------------------
---------------------------------------------------------------------------------
Finished IO Insertion : Time (s): cpu = 00:01:44 ; elapsed = 00:02:39 . Memory (MB): peak = 1846.250 ; gain = 1382.453
---------------------------------------------------------------------------------
---------------------------------------------------------------------------------
Start Renaming Generated Instances
---------------------------------------------------------------------------------
---------------------------------------------------------------------------------
Finished Renaming Generated Instances : Time (s): cpu = 00:01:44 ; elapsed = 00:02:39 . Memory (MB): peak = 1846.250 ; gain = 1382.453
---------------------------------------------------------------------------------

Report RTL Partitions: 
+-+--------------+------------+----------+
| |RTL Partition |Replication |Instances |
+-+--------------+------------+----------+
+-+--------------+------------+----------+

Report Check Netlist: 
+------+------------------+-------+---------+-------+------------------+
|      |Item              |Errors |Warnings |Status |Description       |
+------+------------------+-------+---------+-------+------------------+
|1     |multi_driven_nets |      0|        0|Passed |Multi driven nets |
+------+------------------+-------+---------+-------+------------------+
---------------------------------------------------------------------------------
Start Rebuilding User Hierarchy
---------------------------------------------------------------------------------
---------------------------------------------------------------------------------
Finished Rebuilding User Hierarchy : Time (s): cpu = 00:01:47 ; elapsed = 00:02:43 . Memory (MB): peak = 1846.250 ; gain = 1382.453
---------------------------------------------------------------------------------
---------------------------------------------------------------------------------
Start Renaming Generated Ports
---------------------------------------------------------------------------------
---------------------------------------------------------------------------------
Finished Renaming Generated Ports : Time (s): cpu = 00:01:48 ; elapsed = 00:02:43 . Memory (MB): peak = 1846.250 ; gain = 1382.453
---------------------------------------------------------------------------------
---------------------------------------------------------------------------------
Start Handling Custom Attributes
---------------------------------------------------------------------------------
---------------------------------------------------------------------------------
Finished Handling Custom Attributes : Time (s): cpu = 00:01:50 ; elapsed = 00:02:45 . Memory (MB): peak = 1846.250 ; gain = 1382.453
---------------------------------------------------------------------------------
---------------------------------------------------------------------------------
Start Renaming Generated Nets
---------------------------------------------------------------------------------
---------------------------------------------------------------------------------
Finished Renaming Generated Nets : Time (s): cpu = 00:01:50 ; elapsed = 00:02:46 . Memory (MB): peak = 1846.250 ; gain = 1382.453
---------------------------------------------------------------------------------
---------------------------------------------------------------------------------
Start Writing Synthesis Report
---------------------------------------------------------------------------------

Report BlackBoxes: 
+-+--------------+----------+
| |BlackBox name |Instances |
+-+--------------+----------+
+-+--------------+----------+

Report Cell Usage: 
+------+------+------+
|      |Cell  |Count |
+------+------+------+
|1     |BUFG  |     1|
|2     |LUT1  |   548|
|3     |LUT2  |  1878|
|4     |LUT3  |  1957|
|5     |LUT4  |  2877|
|6     |LUT5  |  7533|
|7     |LUT6  | 20904|
|8     |MUXF7 |  1823|
|9     |FDCE  |  2168|
|10    |FDPE  |   272|
|11    |FDRE  | 19104|
|12    |LD    |   537|
|13    |IBUF  |   212|
|14    |OBUF  |   330|
+------+------+------+

Report Instance Areas: 
+------+----------------------------------------------------------------------+----------------------------------------+------+
|      |Instance                                                              |Module                                  |Cells |
+------+----------------------------------------------------------------------+----------------------------------------+------+
|1     |top                                                                   |                                        | 60144|
|2     |  \mesh_row[0].mesh_col[0].router                                     |router                                  |  8468|
|3     |    input_block                                                       |input_block                             |  6873|
|4     |      \generate_input_ports[0].input_port                             |input_port                              |  2676|
|5     |        \generate_virtual_channels[0].input_buffer                    |input_buffer_292                        |   653|
|6     |          circular_buffer                                             |circular_buffer_300                     |   509|
|7     |        \generate_virtual_channels[1].input_buffer                    |input_buffer_293                        |   683|
|8     |          circular_buffer                                             |circular_buffer_299                     |   511|
|9     |        \generate_virtual_channels[2].input_buffer                    |input_buffer_294                        |   677|
|10    |          circular_buffer                                             |circular_buffer_298                     |   591|
|11    |        \generate_virtual_channels[3].input_buffer                    |input_buffer_295                        |   635|
|12    |          circular_buffer                                             |circular_buffer_297                     |   549|
|13    |        rc_unit                                                       |rc_unit_296                             |     3|
|14    |      \generate_input_ports[2].input_port                             |input_port_273                          |  2068|
|15    |        \generate_virtual_channels[0].input_buffer                    |input_buffer_283                        |   457|
|16    |          circular_buffer                                             |circular_buffer_291                     |   315|
|17    |        \generate_virtual_channels[1].input_buffer                    |input_buffer_284                        |   461|
|18    |          circular_buffer                                             |circular_buffer_290                     |   317|
|19    |        \generate_virtual_channels[2].input_buffer                    |input_buffer_285                        |   486|
|20    |          circular_buffer                                             |circular_buffer_289                     |   396|
|21    |        \generate_virtual_channels[3].input_buffer                    |input_buffer_286                        |   638|
|22    |          circular_buffer                                             |circular_buffer_288                     |   551|
|23    |        rc_unit                                                       |rc_unit_287                             |     2|
|24    |      \generate_input_ports[4].input_port                             |input_port_274                          |  2129|
|25    |        \generate_virtual_channels[0].input_buffer                    |input_buffer_275                        |   457|
|26    |          circular_buffer                                             |circular_buffer_282                     |   315|
|27    |        \generate_virtual_channels[1].input_buffer                    |input_buffer_276                        |   461|
|28    |          circular_buffer                                             |circular_buffer_281                     |   317|
|29    |        \generate_virtual_channels[2].input_buffer                    |input_buffer_277                        |   517|
|30    |          circular_buffer                                             |circular_buffer_280                     |   427|
|31    |        \generate_virtual_channels[3].input_buffer                    |input_buffer_278                        |   668|
|32    |          circular_buffer                                             |circular_buffer_279                     |   548|
|33    |        rc_unit                                                       |rc_unit                                 |     2|
|34    |    switch_allocator                                                  |switch_allocator_257                    |  1352|
|35    |      separable_input_first_allocator                                 |separable_input_first_allocator_266     |  1352|
|36    |        \generate_input_round_robin_arbiters[0].round_robin_arbiter   |round_robin_arbiter_267                 |     2|
|37    |        \generate_input_round_robin_arbiters[2].round_robin_arbiter   |round_robin_arbiter_268                 |     2|
|38    |        \generate_input_round_robin_arbiters[4].round_robin_arbiter   |round_robin_arbiter_269                 |     2|
|39    |        \generate_output_round_robin_arbiters[0].round_robin_arbiter  |round_robin_arbiter__parameterized0_270 |    18|
|40    |        \generate_output_round_robin_arbiters[2].round_robin_arbiter  |round_robin_arbiter__parameterized0_271 |    18|
|41    |        \generate_output_round_robin_arbiters[4].round_robin_arbiter  |round_robin_arbiter__parameterized0_272 |  1310|
|42    |    vc_allocator                                                      |vc_allocator_258                        |   237|
|43    |      separable_input_first_allocator                                 |separable_input_first_allocator_259     |   111|
|44    |        \generate_input_round_robin_arbiters[0].round_robin_arbiter   |round_robin_arbiter_260                 |    20|
|45    |        \generate_input_round_robin_arbiters[2].round_robin_arbiter   |round_robin_arbiter_261                 |    20|
|46    |        \generate_input_round_robin_arbiters[4].round_robin_arbiter   |round_robin_arbiter_262                 |    20|
|47    |        \generate_output_round_robin_arbiters[0].round_robin_arbiter  |round_robin_arbiter__parameterized0_263 |    23|
|48    |        \generate_output_round_robin_arbiters[2].round_robin_arbiter  |round_robin_arbiter__parameterized0_264 |    11|
|49    |        \generate_output_round_robin_arbiters[4].round_robin_arbiter  |round_robin_arbiter__parameterized0_265 |    17|
|50    |  \mesh_row[0].mesh_col[1].router                                     |router__parameterized0                  |  9004|
|51    |    input_block                                                       |input_block__parameterized0             |  8543|
|52    |      \generate_input_ports[0].input_port                             |input_port__parameterized0              |  2848|
|53    |        \generate_virtual_channels[0].input_buffer                    |input_buffer_248                        |   717|
|54    |          circular_buffer                                             |circular_buffer_256                     |   573|
|55    |        \generate_virtual_channels[1].input_buffer                    |input_buffer_249                        |   715|
|56    |          circular_buffer                                             |circular_buffer_255                     |   562|
|57    |        \generate_virtual_channels[2].input_buffer                    |input_buffer_250                        |   686|
|58    |          circular_buffer                                             |circular_buffer_254                     |   561|
|59    |        \generate_virtual_channels[3].input_buffer                    |input_buffer_251                        |   699|
|60    |          circular_buffer                                             |circular_buffer_253                     |   571|
|61    |        rc_unit                                                       |rc_unit__parameterized0_252             |     6|
|62    |      \generate_input_ports[2].input_port                             |input_port__parameterized0_229          |  3484|
|63    |        \generate_virtual_channels[0].input_buffer                    |input_buffer_239                        |   552|
|64    |          circular_buffer                                             |circular_buffer_247                     |   383|
|65    |        \generate_virtual_channels[1].input_buffer                    |input_buffer_240                        |   462|
|66    |          circular_buffer                                             |circular_buffer_246                     |   296|
|67    |        \generate_virtual_channels[2].input_buffer                    |input_buffer_241                        |  1117|
|68    |          circular_buffer                                             |circular_buffer_245                     |   318|
|69    |        \generate_virtual_channels[3].input_buffer                    |input_buffer_242                        |  1324|
|70    |          circular_buffer                                             |circular_buffer_244                     |  1199|
|71    |        rc_unit                                                       |rc_unit__parameterized0_243             |     5|
|72    |      \generate_input_ports[3].input_port                             |input_port__parameterized0_230          |  2211|
|73    |        \generate_virtual_channels[0].input_buffer                    |input_buffer_231                        |   540|
|74    |          circular_buffer                                             |circular_buffer_238                     |   380|
|75    |        \generate_virtual_channels[1].input_buffer                    |input_buffer_232                        |   463|
|76    |          circular_buffer                                             |circular_buffer_237                     |   296|
|77    |        \generate_virtual_channels[2].input_buffer                    |input_buffer_233                        |   483|
|78    |          circular_buffer                                             |circular_buffer_236                     |   318|
|79    |        \generate_virtual_channels[3].input_buffer                    |input_buffer_234                        |   698|
|80    |          circular_buffer                                             |circular_buffer_235                     |   572|
|81    |        rc_unit                                                       |rc_unit__parameterized0                 |     3|
|82    |    switch_allocator                                                  |switch_allocator_209                    |   104|
|83    |      separable_input_first_allocator                                 |separable_input_first_allocator_220     |   104|
|84    |        \generate_input_round_robin_arbiters[0].round_robin_arbiter   |round_robin_arbiter_221                 |     2|
|85    |        \generate_input_round_robin_arbiters[2].round_robin_arbiter   |round_robin_arbiter_222                 |     2|
|86    |        \generate_input_round_robin_arbiters[3].round_robin_arbiter   |round_robin_arbiter_223                 |     2|
|87    |        \generate_output_round_robin_arbiters[0].round_robin_arbiter  |round_robin_arbiter__parameterized0_224 |    20|
|88    |        \generate_output_round_robin_arbiters[1].round_robin_arbiter  |round_robin_arbiter__parameterized0_225 |    17|
|89    |        \generate_output_round_robin_arbiters[2].round_robin_arbiter  |round_robin_arbiter__parameterized0_226 |    17|
|90    |        \generate_output_round_robin_arbiters[3].round_robin_arbiter  |round_robin_arbiter__parameterized0_227 |    17|
|91    |        \generate_output_round_robin_arbiters[4].round_robin_arbiter  |round_robin_arbiter__parameterized0_228 |    27|
|92    |    vc_allocator                                                      |vc_allocator_210                        |   354|
|93    |      separable_input_first_allocator                                 |separable_input_first_allocator_211     |   103|
|94    |        \generate_input_round_robin_arbiters[0].round_robin_arbiter   |round_robin_arbiter_212                 |     2|
|95    |        \generate_input_round_robin_arbiters[2].round_robin_arbiter   |round_robin_arbiter_213                 |     2|
|96    |        \generate_input_round_robin_arbiters[3].round_robin_arbiter   |round_robin_arbiter_214                 |     2|
|97    |        \generate_output_round_robin_arbiters[0].round_robin_arbiter  |round_robin_arbiter__parameterized0_215 |    17|
|98    |        \generate_output_round_robin_arbiters[1].round_robin_arbiter  |round_robin_arbiter__parameterized0_216 |    14|
|99    |        \generate_output_round_robin_arbiters[2].round_robin_arbiter  |round_robin_arbiter__parameterized0_217 |    14|
|100   |        \generate_output_round_robin_arbiters[3].round_robin_arbiter  |round_robin_arbiter__parameterized0_218 |    14|
|101   |        \generate_output_round_robin_arbiters[4].round_robin_arbiter  |round_robin_arbiter__parameterized0_219 |    38|
|102   |  \mesh_row[1].mesh_col[0].router                                     |router__parameterized1                  | 12132|
|103   |    input_block                                                       |input_block__parameterized1             | 11563|
|104   |      \generate_input_ports[0].input_port                             |input_port__parameterized1              |  2850|
|105   |        \generate_virtual_channels[0].input_buffer                    |input_buffer_200                        |   716|
|106   |          circular_buffer                                             |circular_buffer_208                     |   578|
|107   |        \generate_virtual_channels[1].input_buffer                    |input_buffer_201                        |   691|
|108   |          circular_buffer                                             |circular_buffer_207                     |   573|
|109   |        \generate_virtual_channels[2].input_buffer                    |input_buffer_202                        |   686|
|110   |          circular_buffer                                             |circular_buffer_206                     |   572|
|111   |        \generate_virtual_channels[3].input_buffer                    |input_buffer_203                        |   728|
|112   |          circular_buffer                                             |circular_buffer_205                     |   596|
|113   |        rc_unit                                                       |rc_unit__parameterized1_204             |     4|
|114   |      \generate_input_ports[1].input_port                             |input_port__parameterized1_171          |  2225|
|115   |        \generate_virtual_channels[0].input_buffer                    |input_buffer_191                        |   518|
|116   |          circular_buffer                                             |circular_buffer_199                     |   352|
|117   |        \generate_virtual_channels[1].input_buffer                    |input_buffer_192                        |   491|
|118   |          circular_buffer                                             |circular_buffer_198                     |   321|
|119   |        \generate_virtual_channels[2].input_buffer                    |input_buffer_193                        |   488|
|120   |          circular_buffer                                             |circular_buffer_197                     |   322|
|121   |        \generate_virtual_channels[3].input_buffer                    |input_buffer_194                        |   701|
|122   |          circular_buffer                                             |circular_buffer_196                     |   574|
|123   |        rc_unit                                                       |rc_unit__parameterized1_195             |     3|
|124   |      \generate_input_ports[2].input_port                             |input_port__parameterized1_172          |  2362|
|125   |        \generate_virtual_channels[0].input_buffer                    |input_buffer_182                        |   543|
|126   |          circular_buffer                                             |circular_buffer_190                     |   361|
|127   |        \generate_virtual_channels[1].input_buffer                    |input_buffer_183                        |   497|
|128   |          circular_buffer                                             |circular_buffer_189                     |   322|
|129   |        \generate_virtual_channels[2].input_buffer                    |input_buffer_184                        |   488|
|130   |          circular_buffer                                             |circular_buffer_188                     |   321|
|131   |        \generate_virtual_channels[3].input_buffer                    |input_buffer_185                        |   807|
|132   |          circular_buffer                                             |circular_buffer_187                     |   678|
|133   |        rc_unit                                                       |rc_unit__parameterized1_186             |     3|
|134   |      \generate_input_ports[4].input_port                             |input_port__parameterized1_173          |  4126|
|135   |        \generate_virtual_channels[0].input_buffer                    |input_buffer_174                        |   545|
|136   |          circular_buffer                                             |circular_buffer_181                     |   380|
|137   |        \generate_virtual_channels[1].input_buffer                    |input_buffer_175                        |   467|
|138   |          circular_buffer                                             |circular_buffer_180                     |   299|
|139   |        \generate_virtual_channels[2].input_buffer                    |input_buffer_176                        |  1122|
|140   |          circular_buffer                                             |circular_buffer_179                     |   948|
|141   |        \generate_virtual_channels[3].input_buffer                    |input_buffer_177                        |  1963|
|142   |          circular_buffer                                             |circular_buffer_178                     |  1839|
|143   |        rc_unit                                                       |rc_unit__parameterized1                 |     5|
|144   |    switch_allocator                                                  |switch_allocator_149                    |   134|
|145   |      separable_input_first_allocator                                 |separable_input_first_allocator_161     |   134|
|146   |        \generate_input_round_robin_arbiters[0].round_robin_arbiter   |round_robin_arbiter_162                 |     2|
|147   |        \generate_input_round_robin_arbiters[1].round_robin_arbiter   |round_robin_arbiter_163                 |     2|
|148   |        \generate_input_round_robin_arbiters[2].round_robin_arbiter   |round_robin_arbiter_164                 |     2|
|149   |        \generate_input_round_robin_arbiters[4].round_robin_arbiter   |round_robin_arbiter_165                 |     2|
|150   |        \generate_output_round_robin_arbiters[0].round_robin_arbiter  |round_robin_arbiter__parameterized0_166 |    23|
|151   |        \generate_output_round_robin_arbiters[1].round_robin_arbiter  |round_robin_arbiter__parameterized0_167 |    19|
|152   |        \generate_output_round_robin_arbiters[2].round_robin_arbiter  |round_robin_arbiter__parameterized0_168 |    19|
|153   |        \generate_output_round_robin_arbiters[3].round_robin_arbiter  |round_robin_arbiter__parameterized0_169 |    19|
|154   |        \generate_output_round_robin_arbiters[4].round_robin_arbiter  |round_robin_arbiter__parameterized0_170 |    46|
|155   |    vc_allocator                                                      |vc_allocator_150                        |   423|
|156   |      separable_input_first_allocator                                 |separable_input_first_allocator_151     |   139|
|157   |        \generate_input_round_robin_arbiters[0].round_robin_arbiter   |round_robin_arbiter_152                 |     2|
|158   |        \generate_input_round_robin_arbiters[1].round_robin_arbiter   |round_robin_arbiter_153                 |     2|
|159   |        \generate_input_round_robin_arbiters[2].round_robin_arbiter   |round_robin_arbiter_154                 |     2|
|160   |        \generate_input_round_robin_arbiters[4].round_robin_arbiter   |round_robin_arbiter_155                 |     2|
|161   |        \generate_output_round_robin_arbiters[0].round_robin_arbiter  |round_robin_arbiter__parameterized0_156 |    23|
|162   |        \generate_output_round_robin_arbiters[1].round_robin_arbiter  |round_robin_arbiter__parameterized0_157 |    19|
|163   |        \generate_output_round_robin_arbiters[2].round_robin_arbiter  |round_robin_arbiter__parameterized0_158 |    19|
|164   |        \generate_output_round_robin_arbiters[3].round_robin_arbiter  |round_robin_arbiter__parameterized0_159 |    19|
|165   |        \generate_output_round_robin_arbiters[4].round_robin_arbiter  |round_robin_arbiter__parameterized0_160 |    51|
|166   |  \mesh_row[1].mesh_col[1].router                                     |router__parameterized2                  | 12056|
|167   |    input_block                                                       |input_block__parameterized2             | 11505|
|168   |      \generate_input_ports[0].input_port                             |input_port__parameterized2              |  2850|
|169   |        \generate_virtual_channels[0].input_buffer                    |input_buffer_140                        |   711|
|170   |          circular_buffer                                             |circular_buffer_148                     |   576|
|171   |        \generate_virtual_channels[1].input_buffer                    |input_buffer_141                        |   691|
|172   |          circular_buffer                                             |circular_buffer_147                     |   563|
|173   |        \generate_virtual_channels[2].input_buffer                    |input_buffer_142                        |   686|
|174   |          circular_buffer                                             |circular_buffer_146                     |   562|
|175   |        \generate_virtual_channels[3].input_buffer                    |input_buffer_143                        |   730|
|176   |          circular_buffer                                             |circular_buffer_145                     |   598|
|177   |        rc_unit                                                       |rc_unit__parameterized2_144             |     7|
|178   |      \generate_input_ports[1].input_port                             |input_port__parameterized2_111          |  3502|
|179   |        \generate_virtual_channels[0].input_buffer                    |input_buffer_131                        |   546|
|180   |          circular_buffer                                             |circular_buffer_139                     |   383|
|181   |        \generate_virtual_channels[1].input_buffer                    |input_buffer_132                        |   469|
|182   |          circular_buffer                                             |circular_buffer_138                     |   298|
|183   |        \generate_virtual_channels[2].input_buffer                    |input_buffer_133                        |   486|
|184   |          circular_buffer                                             |circular_buffer_137                     |   320|
|185   |        \generate_virtual_channels[3].input_buffer                    |input_buffer_134                        |  1972|
|186   |          circular_buffer                                             |circular_buffer_136                     |  1842|
|187   |        rc_unit                                                       |rc_unit__parameterized2_135             |     5|
|188   |      \generate_input_ports[2].input_port                             |input_port__parameterized2_112          |  2286|
|189   |        \generate_virtual_channels[0].input_buffer                    |input_buffer_122                        |   545|
|190   |          circular_buffer                                             |circular_buffer_130                     |   363|
|191   |        \generate_virtual_channels[1].input_buffer                    |input_buffer_123                        |   497|
|192   |          circular_buffer                                             |circular_buffer_129                     |   321|
|193   |        \generate_virtual_channels[2].input_buffer                    |input_buffer_124                        |   487|
|194   |          circular_buffer                                             |circular_buffer_128                     |   318|
|195   |        \generate_virtual_channels[3].input_buffer                    |input_buffer_125                        |   730|
|196   |          circular_buffer                                             |circular_buffer_127                     |   600|
|197   |        rc_unit                                                       |rc_unit__parameterized2_126             |     3|
|198   |      \generate_input_ports[3].input_port                             |input_port__parameterized2_113          |  2867|
|199   |        \generate_virtual_channels[0].input_buffer                    |input_buffer_114                        |   517|
|200   |          circular_buffer                                             |circular_buffer_121                     |   353|
|201   |        \generate_virtual_channels[1].input_buffer                    |input_buffer_115                        |   492|
|202   |          circular_buffer                                             |circular_buffer_120                     |   322|
|203   |        \generate_virtual_channels[2].input_buffer                    |input_buffer_116                        |  1127|
|204   |          circular_buffer                                             |circular_buffer_119                     |   945|
|205   |        \generate_virtual_channels[3].input_buffer                    |input_buffer_117                        |   704|
|206   |          circular_buffer                                             |circular_buffer_118                     |   574|
|207   |        rc_unit                                                       |rc_unit__parameterized2                 |     3|
|208   |    switch_allocator                                                  |switch_allocator_89                     |   126|
|209   |      separable_input_first_allocator                                 |separable_input_first_allocator_101     |   126|
|210   |        \generate_input_round_robin_arbiters[0].round_robin_arbiter   |round_robin_arbiter_102                 |     2|
|211   |        \generate_input_round_robin_arbiters[1].round_robin_arbiter   |round_robin_arbiter_103                 |     2|
|212   |        \generate_input_round_robin_arbiters[2].round_robin_arbiter   |round_robin_arbiter_104                 |     2|
|213   |        \generate_input_round_robin_arbiters[3].round_robin_arbiter   |round_robin_arbiter_105                 |     2|
|214   |        \generate_output_round_robin_arbiters[0].round_robin_arbiter  |round_robin_arbiter__parameterized0_106 |    24|
|215   |        \generate_output_round_robin_arbiters[1].round_robin_arbiter  |round_robin_arbiter__parameterized0_107 |    20|
|216   |        \generate_output_round_robin_arbiters[2].round_robin_arbiter  |round_robin_arbiter__parameterized0_108 |    20|
|217   |        \generate_output_round_robin_arbiters[3].round_robin_arbiter  |round_robin_arbiter__parameterized0_109 |    20|
|218   |        \generate_output_round_robin_arbiters[4].round_robin_arbiter  |round_robin_arbiter__parameterized0_110 |    34|
|219   |    vc_allocator                                                      |vc_allocator_90                         |   425|
|220   |      separable_input_first_allocator                                 |separable_input_first_allocator_91      |   144|
|221   |        \generate_input_round_robin_arbiters[0].round_robin_arbiter   |round_robin_arbiter_92                  |     2|
|222   |        \generate_input_round_robin_arbiters[1].round_robin_arbiter   |round_robin_arbiter_93                  |     2|
|223   |        \generate_input_round_robin_arbiters[2].round_robin_arbiter   |round_robin_arbiter_94                  |     2|
|224   |        \generate_input_round_robin_arbiters[3].round_robin_arbiter   |round_robin_arbiter_95                  |     2|
|225   |        \generate_output_round_robin_arbiters[0].round_robin_arbiter  |round_robin_arbiter__parameterized0_96  |    24|
|226   |        \generate_output_round_robin_arbiters[1].round_robin_arbiter  |round_robin_arbiter__parameterized0_97  |    20|
|227   |        \generate_output_round_robin_arbiters[2].round_robin_arbiter  |round_robin_arbiter__parameterized0_98  |    20|
|228   |        \generate_output_round_robin_arbiters[3].round_robin_arbiter  |round_robin_arbiter__parameterized0_99  |    20|
|229   |        \generate_output_round_robin_arbiters[4].round_robin_arbiter  |round_robin_arbiter__parameterized0_100 |    52|
|230   |  \mesh_row[2].mesh_col[0].router                                     |router__parameterized3                  |  8964|
|231   |    input_block                                                       |input_block__parameterized3             |  8541|
|232   |      \generate_input_ports[0].input_port                             |input_port__parameterized3              |  2857|
|233   |        \generate_virtual_channels[0].input_buffer                    |input_buffer_80                         |   719|
|234   |          circular_buffer                                             |circular_buffer_88                      |   575|
|235   |        \generate_virtual_channels[1].input_buffer                    |input_buffer_81                         |   722|
|236   |          circular_buffer                                             |circular_buffer_87                      |   561|
|237   |        \generate_virtual_channels[2].input_buffer                    |input_buffer_82                         |   688|
|238   |          circular_buffer                                             |circular_buffer_86                      |   561|
|239   |        \generate_virtual_channels[3].input_buffer                    |input_buffer_83                         |   699|
|240   |          circular_buffer                                             |circular_buffer_85                      |   567|
|241   |        rc_unit                                                       |rc_unit__parameterized3_84              |     4|
|242   |      \generate_input_ports[1].input_port                             |input_port__parameterized3_61           |  2841|
|243   |        \generate_virtual_channels[0].input_buffer                    |input_buffer_71                         |   540|
|244   |          circular_buffer                                             |circular_buffer_79                      |   378|
|245   |        \generate_virtual_channels[1].input_buffer                    |input_buffer_72                         |   462|
|246   |          circular_buffer                                             |circular_buffer_78                      |   296|
|247   |        \generate_virtual_channels[2].input_buffer                    |input_buffer_73                         |   483|
|248   |          circular_buffer                                             |circular_buffer_77                      |   318|
|249   |        \generate_virtual_channels[3].input_buffer                    |input_buffer_74                         |  1329|
|250   |          circular_buffer                                             |circular_buffer_76                      |  1204|
|251   |        rc_unit                                                       |rc_unit__parameterized3_75              |     3|
|252   |      \generate_input_ports[4].input_port                             |input_port__parameterized3_62           |  2843|
|253   |        \generate_virtual_channels[0].input_buffer                    |input_buffer_63                         |   542|
|254   |          circular_buffer                                             |circular_buffer_70                      |   378|
|255   |        \generate_virtual_channels[1].input_buffer                    |input_buffer_64                         |   462|
|256   |          circular_buffer                                             |circular_buffer_69                      |   296|
|257   |        \generate_virtual_channels[2].input_buffer                    |input_buffer_65                         |   481|
|258   |          circular_buffer                                             |circular_buffer_68                      |   318|
|259   |        \generate_virtual_channels[3].input_buffer                    |input_buffer_66                         |  1329|
|260   |          circular_buffer                                             |circular_buffer_67                      |  1205|
|261   |        rc_unit                                                       |rc_unit__parameterized3                 |     5|
|262   |    switch_allocator                                                  |switch_allocator_41                     |    89|
|263   |      separable_input_first_allocator                                 |separable_input_first_allocator_52      |    89|
|264   |        \generate_input_round_robin_arbiters[0].round_robin_arbiter   |round_robin_arbiter_53                  |     2|
|265   |        \generate_input_round_robin_arbiters[1].round_robin_arbiter   |round_robin_arbiter_54                  |     2|
|266   |        \generate_input_round_robin_arbiters[4].round_robin_arbiter   |round_robin_arbiter_55                  |     2|
|267   |        \generate_output_round_robin_arbiters[0].round_robin_arbiter  |round_robin_arbiter__parameterized0_56  |    15|
|268   |        \generate_output_round_robin_arbiters[1].round_robin_arbiter  |round_robin_arbiter__parameterized0_57  |    12|
|269   |        \generate_output_round_robin_arbiters[2].round_robin_arbiter  |round_robin_arbiter__parameterized0_58  |    12|
|270   |        \generate_output_round_robin_arbiters[3].round_robin_arbiter  |round_robin_arbiter__parameterized0_59  |    12|
|271   |        \generate_output_round_robin_arbiters[4].round_robin_arbiter  |round_robin_arbiter__parameterized0_60  |    32|
|272   |    vc_allocator                                                      |vc_allocator_42                         |   325|
|273   |      separable_input_first_allocator                                 |separable_input_first_allocator_43      |    68|
|274   |        \generate_input_round_robin_arbiters[0].round_robin_arbiter   |round_robin_arbiter_44                  |     2|
|275   |        \generate_input_round_robin_arbiters[1].round_robin_arbiter   |round_robin_arbiter_45                  |     2|
|276   |        \generate_input_round_robin_arbiters[4].round_robin_arbiter   |round_robin_arbiter_46                  |     2|
|277   |        \generate_output_round_robin_arbiters[0].round_robin_arbiter  |round_robin_arbiter__parameterized0_47  |    10|
|278   |        \generate_output_round_robin_arbiters[1].round_robin_arbiter  |round_robin_arbiter__parameterized0_48  |     7|
|279   |        \generate_output_round_robin_arbiters[2].round_robin_arbiter  |round_robin_arbiter__parameterized0_49  |     7|
|280   |        \generate_output_round_robin_arbiters[3].round_robin_arbiter  |round_robin_arbiter__parameterized0_50  |     7|
|281   |        \generate_output_round_robin_arbiters[4].round_robin_arbiter  |round_robin_arbiter__parameterized0_51  |    31|
|282   |  \mesh_row[2].mesh_col[1].router                                     |router__parameterized4                  |  8977|
|283   |    input_block                                                       |input_block__parameterized4             |  8550|
|284   |      \generate_input_ports[0].input_port                             |input_port__parameterized4              |  2821|
|285   |        \generate_virtual_channels[0].input_buffer                    |input_buffer_32                         |   713|
|286   |          circular_buffer                                             |circular_buffer_40                      |   573|
|287   |        \generate_virtual_channels[1].input_buffer                    |input_buffer_33                         |   688|
|288   |          circular_buffer                                             |circular_buffer_39                      |   562|
|289   |        \generate_virtual_channels[2].input_buffer                    |input_buffer_34                         |   691|
|290   |          circular_buffer                                             |circular_buffer_38                      |   561|
|291   |        \generate_virtual_channels[3].input_buffer                    |input_buffer_35                         |   697|
|292   |          circular_buffer                                             |circular_buffer_37                      |   569|
|293   |        rc_unit                                                       |rc_unit__parameterized4_36              |     7|
|294   |      \generate_input_ports[1].input_port                             |input_port__parameterized4_15           |  3482|
|295   |        \generate_virtual_channels[0].input_buffer                    |input_buffer_23                         |   541|
|296   |          circular_buffer                                             |circular_buffer_31                      |   380|
|297   |        \generate_virtual_channels[1].input_buffer                    |input_buffer_24                         |   463|
|298   |          circular_buffer                                             |circular_buffer_30                      |   296|
|299   |        \generate_virtual_channels[2].input_buffer                    |input_buffer_25                         |   482|
|300   |          circular_buffer                                             |circular_buffer_29                      |   318|
|301   |        \generate_virtual_channels[3].input_buffer                    |input_buffer_26                         |  1967|
|302   |          circular_buffer                                             |circular_buffer_28                      |  1841|
|303   |        rc_unit                                                       |rc_unit__parameterized4_27              |     5|
|304   |      \generate_input_ports[3].input_port                             |input_port__parameterized4_16           |  2247|
|305   |        \generate_virtual_channels[0].input_buffer                    |input_buffer                            |   576|
|306   |          circular_buffer                                             |circular_buffer_22                      |   383|
|307   |        \generate_virtual_channels[1].input_buffer                    |input_buffer_17                         |   463|
|308   |          circular_buffer                                             |circular_buffer_21                      |   296|
|309   |        \generate_virtual_channels[2].input_buffer                    |input_buffer_18                         |   481|
|310   |          circular_buffer                                             |circular_buffer_20                      |   318|
|311   |        \generate_virtual_channels[3].input_buffer                    |input_buffer_19                         |   700|
|312   |          circular_buffer                                             |circular_buffer                         |   572|
|313   |        rc_unit                                                       |rc_unit__parameterized4                 |     3|
|314   |    switch_allocator                                                  |switch_allocator                        |    89|
|315   |      separable_input_first_allocator                                 |separable_input_first_allocator_6       |    89|
|316   |        \generate_input_round_robin_arbiters[0].round_robin_arbiter   |round_robin_arbiter_7                   |     2|
|317   |        \generate_input_round_robin_arbiters[1].round_robin_arbiter   |round_robin_arbiter_8                   |     2|
|318   |        \generate_input_round_robin_arbiters[3].round_robin_arbiter   |round_robin_arbiter_9                   |     2|
|319   |        \generate_output_round_robin_arbiters[0].round_robin_arbiter  |round_robin_arbiter__parameterized0_10  |    17|
|320   |        \generate_output_round_robin_arbiters[1].round_robin_arbiter  |round_robin_arbiter__parameterized0_11  |    14|
|321   |        \generate_output_round_robin_arbiters[2].round_robin_arbiter  |round_robin_arbiter__parameterized0_12  |    14|
|322   |        \generate_output_round_robin_arbiters[3].round_robin_arbiter  |round_robin_arbiter__parameterized0_13  |    14|
|323   |        \generate_output_round_robin_arbiters[4].round_robin_arbiter  |round_robin_arbiter__parameterized0_14  |    24|
|324   |    vc_allocator                                                      |vc_allocator                            |   338|
|325   |      separable_input_first_allocator                                 |separable_input_first_allocator         |    83|
|326   |        \generate_input_round_robin_arbiters[0].round_robin_arbiter   |round_robin_arbiter                     |     2|
|327   |        \generate_input_round_robin_arbiters[1].round_robin_arbiter   |round_robin_arbiter_0                   |     2|
|328   |        \generate_input_round_robin_arbiters[3].round_robin_arbiter   |round_robin_arbiter_1                   |     2|
|329   |        \generate_output_round_robin_arbiters[0].round_robin_arbiter  |round_robin_arbiter__parameterized0     |    13|
|330   |        \generate_output_round_robin_arbiters[1].round_robin_arbiter  |round_robin_arbiter__parameterized0_2   |    10|
|331   |        \generate_output_round_robin_arbiters[2].round_robin_arbiter  |round_robin_arbiter__parameterized0_3   |    10|
|332   |        \generate_output_round_robin_arbiters[3].round_robin_arbiter  |round_robin_arbiter__parameterized0_4   |    10|
|333   |        \generate_output_round_robin_arbiters[4].round_robin_arbiter  |round_robin_arbiter__parameterized0_5   |    34|
+------+----------------------------------------------------------------------+----------------------------------------+------+
---------------------------------------------------------------------------------
Finished Writing Synthesis Report : Time (s): cpu = 00:01:50 ; elapsed = 00:02:46 . Memory (MB): peak = 1846.250 ; gain = 1382.453
---------------------------------------------------------------------------------
Synthesis finished with 0 errors, 0 critical warnings and 437 warnings.
Synthesis Optimization Runtime : Time (s): cpu = 00:01:50 ; elapsed = 00:02:47 . Memory (MB): peak = 1846.250 ; gain = 1382.453
Synthesis Optimization Complete : Time (s): cpu = 00:01:50 ; elapsed = 00:02:47 . Memory (MB): peak = 1846.250 ; gain = 1382.453
INFO: [Project 1-571] Translating synthesized netlist
Netlist sorting complete. Time (s): cpu = 00:00:00 ; elapsed = 00:00:00.811 . Memory (MB): peak = 1846.250 ; gain = 0.000
INFO: [Netlist 29-17] Analyzing 2573 Unisim elements for replacement
INFO: [Netlist 29-28] Unisim Transformation completed in 0 CPU seconds
INFO: [Project 1-570] Preparing netlist for logic optimization
INFO: [Opt 31-138] Pushed 0 inverter(s) to 0 load pin(s).
Netlist sorting complete. Time (s): cpu = 00:00:00 ; elapsed = 00:00:00.010 . Memory (MB): peak = 1995.105 ; gain = 0.000
INFO: [Project 1-111] Unisim Transformation Summary:
  A total of 750 instances were transformed.
  BUFG => BUFGCE: 1 instance 
  IBUF => IBUF (IBUFCTRL, INBUF): 212 instances
  LD => LDCE: 537 instances

INFO: [Common 17-83] Releasing license: Synthesis
428 Infos, 264 Warnings, 0 Critical Warnings and 0 Errors encountered.
synth_design completed successfully
synth_design: Time (s): cpu = 00:01:59 ; elapsed = 00:02:59 . Memory (MB): peak = 1995.105 ; gain = 1556.141
# report_utilization -file {E:/Codex-Project/NoC-XY/vivado_synthesis_windows/mesh_synthesis/utilization.rpt}
# report_timing_summary -delay_type max -max_paths 10 -file {E:/Codex-Project/NoC-XY/vivado_synthesis_windows/mesh_synthesis/timing_summary.rpt}
INFO: [Timing 38-91] UpdateTimingParams: Speed grade: -2, Temperature grade: E, Delay Type: max.
INFO: [Timing 38-191] Multithreading enabled for timing update using a maximum of 2 CPUs
INFO: [Timing 38-35] Done setting XDC timing constraints.
report_timing_summary: Time (s): cpu = 00:01:07 ; elapsed = 00:00:56 . Memory (MB): peak = 3575.234 ; gain = 1580.129
# write_checkpoint -force {E:/Codex-Project/NoC-XY/vivado_synthesis_windows/mesh_synthesis/mesh_synth.dcp}
Netlist sorting complete. Time (s): cpu = 00:00:00 ; elapsed = 00:00:00.011 . Memory (MB): peak = 3575.234 ; gain = 0.000
WARNING: [Constraints 18-5210] No constraints selected for write.
Resolution: This message can indicate that there are no constraints for the design, or it can indicate that the used_in flags are set such that the constraints are ignored. This later case is used when running synth_design to not write synthesis constraints to the resulting checkpoint. Instead, project constraints are read when the synthesized design is opened.
INFO: [Common 17-1381] The checkpoint 'E:/Codex-Project/NoC-XY/vivado_synthesis_windows/mesh_synthesis/mesh_synth.dcp' has been generated.
write_checkpoint: Time (s): cpu = 00:00:08 ; elapsed = 00:00:07 . Memory (MB): peak = 3575.234 ; gain = 0.000
# exit
INFO: [Common 17-206] Exiting Vivado at Wed Jul 29 16:52:39 2026...
